,x
0,48.0
1,18.0
2,61.0
3,20.0
4,19.0
5,44.0
6,59.0
7,58.0
8,56.0
9,52.0
10,36.0
11,18.0
12,20.0
13,20.0
14,68.0
15,61.0
16,49.0
17,59.0
18,57.0
19,59.0
20,41.0
21,55.0
22,58.0
23,71.0
24,84.0
25,31.0
26,26.0
27,20.0
28,28.0
29,21.0
30,52.0
31,24.0
32,32.0
33,39.0
34,60.0
35,55.0
36,20.0
37,67.0
38,54.0
39,31.0
40,19.0
41,43.0
42,59.0
43,30.0
44,62.0
45,27.0
46,30.0
47,49.0
48,55.0
49,44.0
50,60.0
51,38.0
52,20.0
53,18.0
54,22.0
55,28.0
56,55.0
57,47.0
58,68.0
59,54.0
60,21.0
61,59.0
62,35.0
63,64.0
64,23.0
65,47.0
66,49.0
67,54.0
68,49.0
69,32.0
70,66.0
71,18.0
72,58.0
73,25.0
74,71.0
75,71.0
76,47.0
77,48.0
78,72.0
79,60.0
80,26.0
81,19.0
82,57.0
83,63.0
84,53.0
85,29.0
86,57.0
87,20.0
88,49.0
89,61.0
90,19.0
91,53.0
92,60.0
93,45.0
94,21.0
95,40.0
96,53.0
97,29.0
98,34.0
99,29.0
100,36.0
101,78.0
102,62.0
103,56.0
104,56.0
105,59.0
106,22.0
107,54.0
108,23.0
109,20.0
110,63.0
111,26.0
112,71.0
113,53.0
114,50.0
115,23.0
116,38.0
117,56.0
118,41.0
119,46.0
120,55.0
121,62.0
122,24.0
123,60.0
124,49.0
125,52.0
126,62.0
127,49.0
128,20.0
129,72.0
130,54.0
131,54.0
132,40.0
133,50.0
134,56.0
135,72.0
136,58.0
137,70.0
138,28.0
139,45.0
140,62.0
141,28.0
142,52.0
143,62.0
144,24.0
145,49.0
146,64.0
147,69.0
148,36.0
149,46.0
150,58.0
151,68.0
152,77.0
153,69.0
154,72.0
155,68.0
156,50.0
157,59.0
158,50.0
159,53.0
160,55.0
161,55.0
162,56.0
163,57.0
164,57.0
165,58.0
166,59.0
167,59.0
168,59.0
169,59.0
170,60.0
171,60.0
172,71.0
173,75.0
174,61.0
175,63.0
176,67.0
177,56.0
178,63.0
179,65.0
180,67.0
181,47.0
182,74.0
183,59.0
184,61.0
185,55.0
186,59.0
187,62.0
188,42.0
189,54.0
190,63.0
191,59.0
192,70.0
193,66.0
194,78.0
195,56.0
196,57.0
197,68.0
198,59.0
199,65.0
200,47.0
201,47.0
202,56.0
203,59.0
204,60.0
205,65.0
206,65.0
207,57.0
208,48.0
209,60.0
210,60.0
211,62.0
212,59.0
213,60.0
214,67.0
215,54.0
216,55.0
217,62.0
218,54.0
219,56.0
220,58.0
221,65.0
222,37.0
223,46.0
224,51.0
225,57.0
226,57.0
227,61.0
228,61.0
229,63.0
230,67.0
231,73.0
232,53.0
233,50.0
234,55.0
235,48.0
236,52.0
237,61.0
238,55.0
239,54.0
240,56.0
241,49.0
242,62.0
243,53.0
244,62.0
245,40.0
246,61.0
247,53.0
248,26.0
249,54.0
250,39.0
251,25.0
252,35.0
253,48.0
254,49.0
255,65.0
256,21.0
257,49.0
258,69.0
259,40.0
260,69.0
261,64.0
262,19.0
263,53.0
264,21.0
265,51.0
266,64.0
267,59.0
268,57.0
269,74.0
270,24.0
271,73.0
272,67.0
273,50.0
274,63.0
275,67.0
276,59.0
277,62.0
278,71.0
279,48.0
280,32.0
281,63.0
282,57.0
283,54.0
284,55.0
285,61.0
286,53.0
287,63.0
288,63.0
289,74.0
290,53.0
291,67.0
292,34.0
293,75.0
294,61.0
295,71.0
296,22.0
297,66.0
298,57.0
299,68.0
300,26.0
301,70.0
302,19.0
303,57.0
304,63.0
305,71.0
306,59.0
307,42.0
308,75.0
309,20.0
310,66.0
311,56.0
312,27.0
313,65.0
314,72.0
315,62.0
316,69.0
317,76.0
318,63.0
319,85.0
320,59.0
321,68.0
322,18.0
323,72.0
324,55.0
325,71.0
326,19.0
327,69.0
328,44.0
329,51.0
330,59.0
331,55.0
332,53.0
333,62.0
334,45.0
335,80.0
336,52.0
337,71.0
338,59.0
339,20.0
340,60.0
341,21.0
342,39.0
343,55.0
344,82.0
345,37.0
346,52.0
347,62.0
348,37.0
349,41.0
350,22.0
351,29.0
352,51.0
353,46.0
354,22.0
355,51.0
356,58.0
357,55.0
358,56.0
359,56.0
360,73.0
361,40.0
362,47.0
363,71.0
364,22.0
365,66.0
366,67.0
367,39.0
368,52.0
369,70.0
370,28.0
371,29.0
372,72.0
373,32.0
374,31.0
375,52.0
376,38.0
377,18.0
378,57.0
379,64.0
380,21.0
381,18.0
382,43.0
383,72.0
384,28.0
385,62.0
386,61.0
387,43.0
388,64.0
389,65.0
390,60.0
391,51.0
392,60.0
393,57.0
394,63.0
395,57.0
396,33.0
397,60.0
398,57.0
399,59.0
400,62.0
401,73.0
402,71.0
403,47.0
404,59.0
405,60.0
406,65.0
407,20.0
408,20.0
409,23.0
410,28.0
411,37.0
412,45.0
413,45.0
414,45.0
415,49.0
416,51.0
417,55.0
418,61.0
419,62.0
420,62.0
421,63.0
422,66.0
423,73.0
424,77.0
425,64.0
426,35.0
427,49.0
428,64.0
429,29.0
430,31.0
431,35.0
432,36.0
433,38.0
434,44.0
435,47.0
436,49.0
437,50.0
438,50.0
439,51.0
440,53.0
441,54.0
442,54.0
443,55.0
444,55.0
445,57.0
446,57.0
447,57.0
448,58.0
449,61.0
450,62.0
451,63.0
452,64.0
453,65.0
454,67.0
455,67.0
456,69.0
457,72.0
458,76.0
459,82.0
460,52.0
461,48.0
462,65.0
463,18.0
464,58.0
465,60.0
466,60.0
467,71.0
468,68.0
469,25.0
470,75.0
471,62.0
472,56.0
473,66.0
474,23.0
475,54.0
476,18.0
477,54.0
478,31.0
479,31.0
480,45.0
481,46.0
482,47.0
483,50.0
484,50.0
485,52.0
486,52.0
487,53.0
488,56.0
489,57.0
490,61.0
491,61.0
492,63.0
493,63.0
494,65.0
495,68.0
496,70.0
497,71.0
498,72.0
499,72.0
500,24.0
501,26.0
502,30.0
503,35.0
504,35.0
505,37.0
506,44.0
507,45.0
508,46.0
509,47.0
510,51.0
511,51.0
512,51.0
513,52.0
514,53.0
515,53.0
516,55.0
517,55.0
518,55.0
519,56.0
520,56.0
521,57.0
522,57.0
523,57.0
524,58.0
525,58.0
526,59.0
527,59.0
528,60.0
529,60.0
530,61.0
531,61.0
532,61.0
533,62.0
534,63.0
535,64.0
536,64.0
537,65.0
538,66.0
539,67.0
540,69.0
541,69.0
542,69.0
543,70.0
544,72.0
545,72.0
546,80.0
547,80.0
548,55.0
549,31.0
550,36.0
551,65.0
552,44.0
553,18.0
554,52.0
555,54.0
556,64.0
557,57.0
558,54.0
559,56.0
560,62.0
561,53.0
562,53.0
563,57.0
564,31.0
565,34.0
566,58.0
567,63.0
568,65.0
569,81.0
570,52.0
571,52.0
572,32.0
573,38.0
574,39.0
575,44.0
576,46.0
577,47.0
578,50.0
579,52.0
580,53.0
581,56.0
582,57.0
583,59.0
584,60.0
585,65.0
586,65.0
587,66.0
588,67.0
589,67.0
590,74.0
591,69.0
592,25.0
593,53.0
594,35.0
595,51.0
596,38.0
597,62.0
598,47.0
599,38.0
600,57.0
601,66.0
602,68.0
603,38.0
604,50.0
605,51.0
606,53.0
607,55.0
608,55.0
609,56.0
610,56.0
611,57.0
612,57.0
613,58.0
614,59.0
615,60.0
616,61.0
617,61.0
618,62.0
619,64.0
620,66.0
621,66.0
622,66.0
623,68.0
624,68.0
625,68.0
626,71.0
627,72.0
628,78.0
629,83.0
630,64.0
631,59.0
632,49.0
633,57.0
634,63.0
635,21.0
636,45.0
637,52.0
638,59.0
639,47.0
640,54.0
641,26.0
642,31.0
643,36.0
644,38.0
645,47.0
646,51.0
647,55.0
648,59.0
649,64.0
650,71.0
651,69.0
652,69.0
653,40.0
654,62.0
655,37.0
656,59.0
657,65.0
658,26.0
659,53.0
660,62.0
661,63.0
662,67.0
663,67.0
664,69.0
665,50.0
666,53.0
667,54.0
668,59.0
669,59.0
670,65.0
671,68.0
672,69.0
673,71.0
674,70.0
675,75.0
676,58.0
677,78.0
678,54.0
679,57.0
680,57.0
681,25.0
682,65.0
683,66.0
684,64.0
685,56.0
686,70.0
687,64.0
688,25.0
689,39.0
690,51.0
691,28.0
692,37.0
693,40.0
694,43.0
695,44.0
696,47.0
697,49.0
698,50.0
699,58.0
700,59.0
701,61.0
702,61.0
703,65.0
704,72.0
705,79.0
706,55.0
707,57.0
708,23.0
709,24.0
710,25.0
711,36.0
712,54.0
713,55.0
714,22.0
715,28.0
716,30.0
717,44.0
718,47.0
719,47.0
720,47.0
721,50.0
722,52.0
723,53.0
724,61.0
725,64.0
726,66.0
727,66.0
728,21.0
729,28.0
730,60.0
731,25.0
732,41.0
733,54.0
734,55.0
735,63.0
736,69.0
737,24.0
738,25.0
739,26.0
740,26.0
741,27.0
742,27.0
743,28.0
744,29.0
745,29.0
746,30.0
747,30.0
748,34.0
749,35.0
750,38.0
751,39.0
752,39.0
753,39.0
754,40.0
755,41.0
756,41.0
757,45.0
758,48.0
759,49.0
760,49.0
761,50.0
762,50.0
763,51.0
764,52.0
765,53.0
766,54.0
767,54.0
768,55.0
769,55.0
770,57.0
771,57.0
772,58.0
773,58.0
774,58.0
775,59.0
776,59.0
777,60.0
778,60.0
779,61.0
780,62.0
781,62.0
782,64.0
783,66.0
784,66.0
785,67.0
786,67.0
787,69.0
788,69.0
789,70.0
790,70.0
791,72.0
792,72.0
793,83.0
794,60.0
795,50.0
796,60.0
797,60.0
798,61.0
799,62.0
800,63.0
801,65.0
802,67.0
803,70.0
804,62.0
805,27.0
806,25.0
807,37.0
808,41.0
809,43.0
810,49.0
811,50.0
812,51.0
813,52.0
814,55.0
815,56.0
816,56.0
817,58.0
818,58.0
819,58.0
820,59.0
821,59.0
822,59.0
823,61.0
824,61.0
825,66.0
826,67.0
827,23.0
828,23.0
829,24.0
830,26.0
831,27.0
832,27.0
833,29.0
834,31.0
835,34.0
836,38.0
837,39.0
838,40.0
839,43.0
840,46.0
841,47.0
842,47.0
843,48.0
844,48.0
845,48.0
846,48.0
847,49.0
848,50.0
849,52.0
850,52.0
851,53.0
852,53.0
853,54.0
854,56.0
855,56.0
856,57.0
857,57.0
858,57.0
859,59.0
860,61.0
861,63.0
862,63.0
863,64.0
864,65.0
865,66.0
866,67.0
867,68.0
868,71.0
869,76.0
870,45.0
871,61.0
872,35.0
873,28.0
874,62.0
875,59.0
876,54.0
877,74.0
878,74.0
879,65.0
880,55.0
881,62.0
882,56.0
883,66.0
884,50.0
885,67.0
886,42.0
887,61.0
888,55.0
889,66.0
890,69.0
891,23.0
892,55.0
893,60.0
894,56.0
895,46.0
896,20.0
897,26.0
898,28.0
899,53.0
900,34.0
901,23.0
902,67.0
903,68.0
904,55.0
905,39.0
906,53.0
907,56.0
908,67.0
909,34.0
910,39.0
911,39.0
912,45.0
913,47.0
914,48.0
915,54.0
916,56.0
917,57.0
918,57.0
919,60.0
920,60.0
921,63.0
922,64.0
923,70.0
924,48.0
925,22.0
926,28.0
927,36.0
928,40.0
929,48.0
930,53.0
931,56.0
932,57.0
933,72.0
934,21.0
935,21.0
936,22.0
937,22.0
938,24.0
939,25.0
940,25.0
941,26.0
942,26.0
943,27.0
944,27.0
945,27.0
946,31.0
947,32.0
948,32.0
949,35.0
950,35.0
951,36.0
952,41.0
953,42.0
954,42.0
955,43.0
956,44.0
957,45.0
958,48.0
959,48.0
960,51.0
961,53.0
962,53.0
963,54.0
964,57.0
965,58.0
966,60.0
967,60.0
968,61.0
969,61.0
970,61.0
971,63.0
972,63.0
973,63.0
974,64.0
975,65.0
976,66.0
977,67.0
978,68.0
979,69.0
980,72.0
981,74.0
982,72.0
983,27.0
984,33.0
985,40.0
986,49.0
987,51.0
988,57.0
989,62.0
990,18.0
991,21.0
992,21.0
993,21.0
994,22.0
995,22.0
996,22.0
997,23.0
998,23.0
999,23.0
1000,23.0
1001,25.0
1002,25.0
1003,26.0
1004,27.0
1005,28.0
1006,29.0
1007,29.0
1008,32.0
1009,35.0
1010,36.0
1011,36.0
1012,38.0
1013,39.0
1014,39.0
1015,42.0
1016,43.0
1017,45.0
1018,46.0
1019,46.0
1020,47.0
1021,49.0
1022,50.0
1023,50.0
1024,50.0
1025,51.0
1026,51.0
1027,52.0
1028,52.0
1029,52.0
1030,53.0
1031,53.0
1032,54.0
1033,54.0
1034,54.0
1035,55.0
1036,55.0
1037,55.0
1038,56.0
1039,57.0
1040,57.0
1041,57.0
1042,58.0
1043,59.0
1044,59.0
1045,59.0
1046,59.0
1047,59.0
1048,61.0
1049,61.0
1050,61.0
1051,61.0
1052,61.0
1053,62.0
1054,63.0
1055,63.0
1056,63.0
1057,63.0
1058,64.0
1059,64.0
1060,64.0
1061,64.0
1062,65.0
1063,65.0
1064,66.0
1065,67.0
1066,67.0
1067,69.0
1068,70.0
1069,71.0
1070,72.0
1071,72.0
1072,75.0
1073,78.0
1074,78.0
1075,45.0
1076,43.0
1077,33.0
1078,41.0
1079,53.0
1080,66.0
1081,67.0
1082,20.0
1083,20.0
1084,25.0
1085,30.0
1086,32.0
1087,42.0
1088,47.0
1089,51.0
1090,53.0
1091,57.0
1092,63.0
1093,70.0
1094,32.0
1095,57.0
1096,25.0
1097,24.0
1098,73.0
1099,71.0
1100,63.0
1101,29.0
1102,55.0
1103,20.0
1104,21.0
1105,21.0
1106,22.0
1107,22.0
1108,24.0
1109,25.0
1110,27.0
1111,32.0
1112,36.0
1113,36.0
1114,39.0
1115,42.0
1116,43.0
1117,43.0
1118,44.0
1119,47.0
1120,48.0
1121,48.0
1122,50.0
1123,50.0
1124,53.0
1125,55.0
1126,56.0
1127,59.0
1128,61.0
1129,62.0
1130,62.0
1131,62.0
1132,63.0
1133,64.0
1134,67.0
1135,70.0
1136,70.0
1137,72.0
1138,79.0
1139,18.0
1140,20.0
1141,20.0
1142,21.0
1143,21.0
1144,21.0
1145,21.0
1146,21.0
1147,22.0
1148,23.0
1149,23.0
1150,25.0
1151,25.0
1152,28.0
1153,28.0
1154,29.0
1155,29.0
1156,29.0
1157,31.0
1158,31.0
1159,32.0
1160,33.0
1161,33.0
1162,35.0
1163,36.0
1164,36.0
1165,37.0
1166,39.0
1167,39.0
1168,40.0
1169,40.0
1170,40.0
1171,41.0
1172,44.0
1173,44.0
1174,45.0
1175,46.0
1176,47.0
1177,48.0
1178,48.0
1179,49.0
1180,50.0
1181,50.0
1182,50.0
1183,50.0
1184,50.0
1185,52.0
1186,52.0
1187,53.0
1188,54.0
1189,56.0
1190,56.0
1191,56.0
1192,56.0
1193,57.0
1194,58.0
1195,58.0
1196,58.0
1197,58.0
1198,58.0
1199,58.0
1200,58.0
1201,59.0
1202,60.0
1203,60.0
1204,60.0
1205,61.0
1206,61.0
1207,63.0
1208,63.0
1209,64.0
1210,64.0
1211,64.0
1212,64.0
1213,65.0
1214,65.0
1215,65.0
1216,66.0
1217,66.0
1218,66.0
1219,66.0
1220,66.0
1221,67.0
1222,67.0
1223,67.0
1224,67.0
1225,68.0
1226,68.0
1227,68.0
1228,69.0
1229,69.0
1230,70.0
1231,70.0
1232,70.0
1233,71.0
1234,71.0
1235,71.0
1236,71.0
1237,71.0
1238,72.0
1239,72.0
1240,74.0
1241,74.0
1242,77.0
1243,78.0
1244,79.0
1245,46.0
1246,61.0
1247,73.0
1248,20.0
1249,18.0
1250,25.0
1251,32.0
1252,50.0
1253,55.0
1254,66.0
1255,47.0
1256,65.0
1257,23.0
1258,31.0
1259,40.0
1260,64.0
1261,46.0
1262,60.0
1263,56.0
1264,84.0
1265,59.0
1266,20.0
1267,48.0
1268,22.0
1269,63.0
1270,20.0
1271,56.0
1272,65.0
1273,62.0
1274,66.0
1275,61.0
1276,56.0
1277,66.0
1278,60.0
1279,31.0
1280,20.0
1281,22.0
1282,37.0
1283,20.0
1284,50.0
1285,46.0
1286,30.0
1287,63.0
1288,30.0
1289,18.0
1290,43.0
1291,51.0
1292,19.0
1293,59.0
1294,20.0
1295,33.0
1296,20.0
1297,58.0
1298,21.0
1299,34.0
1300,18.0
1301,18.0
1302,22.0
1303,32.0
1304,42.0
1305,43.0
1306,44.0
1307,44.0
1308,46.0
1309,18.0
1310,18.0
1311,18.0
1312,18.0
1313,20.0
1314,20.0
1315,20.0
1316,22.0
1317,25.0
1318,41.0
1319,46.0
1320,49.0
1321,52.0
1322,58.0
1323,61.0
1324,18.0
1325,18.0
1326,18.0
1327,19.0
1328,19.0
1329,19.0
1330,19.0
1331,19.0
1332,19.0
1333,20.0
1334,20.0
1335,20.0
1336,21.0
1337,21.0
1338,21.0
1339,29.0
1340,32.0
1341,32.0
1342,33.0
1343,37.0
1344,37.0
1345,45.0
1346,54.0
1347,57.0
1348,59.0
1349,60.0
1350,64.0
1351,67.0
1352,27.0
1353,47.0
1354,42.0
1355,36.0
1356,43.0
1357,46.0
1358,48.0
1359,51.0
1360,52.0
1361,61.0
1362,18.0
1363,18.0
1364,18.0
1365,18.0
1366,18.0
1367,18.0
1368,18.0
1369,18.0
1370,19.0
1371,19.0
1372,19.0
1373,19.0
1374,19.0
1375,20.0
1376,20.0
1377,24.0
1378,25.0
1379,25.0
1380,28.0
1381,33.0
1382,40.0
1383,41.0
1384,42.0
1385,42.0
1386,46.0
1387,47.0
1388,47.0
1389,49.0
1390,50.0
1391,50.0
1392,51.0
1393,51.0
1394,54.0
1395,55.0
1396,55.0
1397,56.0
1398,56.0
1399,57.0
1400,59.0
1401,60.0
1402,60.0
1403,60.0
1404,62.0
1405,63.0
1406,63.0
1407,63.0
1408,65.0
1409,65.0
1410,65.0
1411,66.0
1412,68.0
1413,71.0
1414,71.0
1415,73.0
1416,75.0
1417,19.0
1418,22.0
1419,48.0
1420,49.0
1421,53.0
1422,60.0
1423,71.0
1424,60.0
1425,64.0
1426,64.0
1427,65.0
1428,65.0
1429,68.0
1430,63.0
1431,63.0
1432,60.0
1433,68.0
1434,18.0
1435,19.0
1436,25.0
1437,18.0
1438,18.0
1439,18.0
1440,19.0
1441,19.0
1442,19.0
1443,19.0
1444,19.0
1445,19.0
1446,21.0
1447,23.0
1448,23.0
1449,24.0
1450,25.0
1451,29.0
1452,31.0
1453,37.0
1454,37.0
1455,44.0
1456,45.0
1457,46.0
1458,47.0
1459,48.0
1460,50.0
1461,50.0
1462,51.0
1463,52.0
1464,52.0
1465,53.0
1466,54.0
1467,54.0
1468,55.0
1469,57.0
1470,57.0
1471,64.0
1472,64.0
1473,70.0
1474,75.0
1475,18.0
1476,18.0
1477,19.0
1478,19.0
1479,19.0
1480,19.0
1481,19.0
1482,19.0
1483,20.0
1484,21.0
1485,21.0
1486,21.0
1487,21.0
1488,22.0
1489,23.0
1490,23.0
1491,25.0
1492,26.0
1493,27.0
1494,29.0
1495,31.0
1496,32.0
1497,34.0
1498,34.0
1499,35.0
1500,35.0
1501,37.0
1502,38.0
1503,41.0
1504,41.0
1505,45.0
1506,45.0
1507,47.0
1508,49.0
1509,49.0
1510,49.0
1511,50.0
1512,51.0
1513,53.0
1514,56.0
1515,57.0
1516,57.0
1517,58.0
1518,58.0
1519,58.0
1520,60.0
1521,60.0
1522,60.0
1523,60.0
1524,60.0
1525,60.0
1526,61.0
1527,61.0
1528,62.0
1529,62.0
1530,63.0
1531,63.0
1532,64.0
1533,64.0
1534,64.0
1535,65.0
1536,65.0
1537,65.0
1538,65.0
1539,65.0
1540,66.0
1541,67.0
1542,68.0
1543,69.0
1544,72.0
1545,72.0
1546,73.0
1547,74.0
1548,76.0
1549,76.0
1550,80.0
1551,49.0
1552,55.0
1553,58.0
1554,22.0
1555,52.0
1556,52.0
1557,19.0
1558,20.0
1559,26.0
1560,19.0
1561,83.0
1562,59.0
1563,42.0
1564,25.0
1565,62.0
1566,62.0
1567,57.0
1568,67.0
1569,76.0
1570,23.0
1571,50.0
1572,59.0
1573,31.0
1574,68.0
1575,58.0
1576,72.0
1577,56.0
1578,56.0
1579,66.0
1580,67.0
1581,58.0
1582,52.0
1583,53.0
1584,69.0
1585,66.0
1586,48.0
1587,21.0
1588,69.0
1589,40.0
1590,58.0
1591,60.0
1592,57.0
1593,44.0
1594,56.0
1595,51.0
1596,63.0
1597,74.0
1598,55.0
1599,56.0
1600,70.0
1601,24.0
1602,58.0
1603,67.0
1604,43.0
1605,62.0
1606,43.0
1607,54.0
1608,49.0
1609,54.0
1610,56.0
1611,26.0
1612,66.0
1613,72.0
1614,47.0
1615,56.0
1616,46.0
1617,57.0
1618,57.0
1619,61.0
1620,65.0
1621,66.0
1622,68.0
1623,50.0
1624,55.0
1625,59.0
1626,18.0
1627,51.0
1628,51.0
1629,53.0
1630,55.0
1631,56.0
1632,58.0
1633,59.0
1634,62.0
1635,62.0
1636,62.0
1637,62.0
1638,63.0
1639,64.0
1640,72.0
1641,54.0
1642,58.0
1643,60.0
1644,60.0
1645,69.0
1646,58.0
1647,55.0
1648,67.0
1649,68.0
1650,53.0
1651,53.0
1652,54.0
1653,57.0
1654,68.0
1655,73.0
1656,53.0
1657,63.0
1658,76.0
1659,76.0
1660,60.0
1661,57.0
1662,64.0
1663,68.0
1664,70.0
1665,54.0
1666,62.0
1667,68.0
1668,71.0
1669,57.0
1670,56.0
1671,50.0
1672,51.0
1673,52.0
1674,55.0
1675,60.0
1676,65.0
1677,53.0
1678,72.0
1679,60.0
1680,37.0
1681,59.0
1682,63.0
1683,54.0
1684,60.0
1685,65.0
1686,66.0
1687,73.0
1688,65.0
1689,55.0
1690,53.0
1691,72.0
1692,21.0
1693,69.0
1694,70.0
1695,22.0
1696,65.0
1697,66.0
1698,68.0
1699,50.0
1700,76.0
1701,80.0
1702,24.0
1703,26.0
1704,34.0
1705,50.0
1706,54.0
1707,56.0
1708,58.0
1709,59.0
1710,60.0
1711,62.0
1712,64.0
1713,69.0
1714,70.0
1715,64.0
1716,57.0
1717,57.0
1718,70.0
1719,55.0
1720,76.0
1721,52.0
1722,55.0
1723,60.0
1724,61.0
1725,62.0
1726,65.0
1727,65.0
1728,66.0
1729,67.0
1730,20.0
1731,54.0
1732,67.0
1733,70.0
1734,23.0
1735,23.0
1736,56.0
1737,28.0
1738,19.0
1739,20.0
1740,20.0
1741,63.0
1742,20.0
1743,68.0
1744,20.0
1745,29.0
1746,52.0
1747,68.0
1748,74.0
1749,75.0
1750,47.0
1751,77.0
1752,51.0
1753,57.0
1754,67.0
1755,28.0
1756,41.0
1757,50.0
1758,51.0
1759,59.0
1760,66.0
1761,71.0
1762,18.0
1763,20.0
1764,42.0
1765,50.0
1766,54.0
1767,60.0
1768,60.0
1769,63.0
1770,70.0
1771,18.0
1772,18.0
1773,21.0
1774,32.0
1775,36.0
1776,58.0
1777,64.0
1778,38.0
1779,52.0
1780,20.0
1781,70.0
1782,52.0
1783,65.0
1784,30.0
1785,54.0
1786,62.0
1787,51.0
1788,62.0
1789,58.0
1790,33.0
1791,65.0
1792,70.0
1793,29.0
1794,34.0
1795,37.0
1796,60.0
1797,26.0
1798,18.0
1799,20.0
1800,21.0
1801,40.0
1802,55.0
1803,61.0
1804,30.0
1805,60.0
1806,58.0
1807,54.0
1808,38.0
1809,48.0
1810,58.0
1811,59.0
1812,55.0
1813,56.0
1814,59.0
1815,38.0
1816,54.0
1817,68.0
1818,52.0
1819,42.0
1820,45.0
1821,79.0
1822,51.0
1823,58.0
1824,61.0
1825,62.0
1826,60.0
1827,61.0
1828,66.0
1829,59.0
1830,19.0
1831,57.0
1832,30.0
1833,70.0
1834,55.0
1835,52.0
1836,60.0
1837,64.0
1838,54.0
1839,54.0
1840,50.0
1841,51.0
1842,56.0
1843,18.0
1844,51.0
1845,52.0
1846,56.0
1847,65.0
1848,66.0
1849,66.0
1850,45.0
1851,73.0
1852,70.0
1853,59.0
1854,59.0
1855,23.0
1856,67.0
1857,39.0
1858,59.0
1859,59.0
1860,63.0
1861,53.0
1862,18.0
1863,18.0
1864,22.0
1865,46.0
1866,30.0
1867,60.0
1868,72.0
1869,63.0
1870,46.0
1871,29.0
1872,48.0
1873,44.0
1874,61.0
1875,60.0
1876,50.0
1877,57.0
1878,63.0
1879,64.0
1880,52.0
1881,62.0
1882,51.0
1883,48.0
1884,60.0
1885,58.0
1886,56.0
1887,40.0
1888,19.0
1889,66.0
1890,73.0
1891,67.0
1892,55.0
1893,42.0
1894,70.0
1895,19.0
1896,71.0
1897,38.0
1898,63.0
1899,79.0
1900,59.0
1901,69.0
1902,53.0
1903,57.0
1904,29.0
1905,25.0
1906,41.0
1907,47.0
1908,18.0
1909,48.0
1910,18.0
1911,50.0
1912,52.0
1913,54.0
1914,71.0
1915,56.0
1916,61.0
1917,70.0
1918,54.0
1919,18.0
1920,44.0
1921,50.0
1922,51.0
1923,68.0
1924,43.0
1925,49.0
1926,56.0
1927,62.0
1928,68.0
1929,70.0
1930,53.0
1931,64.0
1932,59.0
1933,45.0
1934,56.0
1935,57.0
1936,58.0
1937,58.0
1938,66.0
1939,71.0
1940,50.0
1941,54.0
1942,61.0
1943,75.0
1944,63.0
1945,64.0
1946,49.0
1947,72.0
1948,65.0
1949,34.0
1950,56.0
1951,72.0
1952,23.0
1953,43.0
1954,52.0
1955,52.0
1956,35.0
1957,33.0
1958,35.0
1959,39.0
1960,50.0
1961,54.0
1962,58.0
1963,63.0
1964,65.0
1965,57.0
1966,57.0
1967,70.0
1968,52.0
1969,59.0
1970,67.0
1971,53.0
1972,53.0
1973,53.0
1974,57.0
1975,57.0
1976,62.0
1977,65.0
1978,52.0
1979,61.0
1980,69.0
1981,67.0
1982,18.0
1983,48.0
1984,46.0
1985,35.0
1986,60.0
1987,41.0
1988,42.0
1989,43.0
1990,49.0
1991,71.0
1992,24.0
1993,52.0
1994,56.0
1995,66.0
1996,18.0
1997,20.0
1998,23.0
1999,38.0
2000,40.0
2001,46.0
2002,49.0
2003,52.0
2004,52.0
2005,53.0
2006,57.0
2007,70.0
2008,78.0
2009,45.0
2010,27.0
2011,31.0
2012,42.0
2013,54.0
2014,54.0
2015,38.0
2016,50.0
2017,53.0
2018,61.0
2019,74.0
2020,21.0
2021,69.0
2022,50.0
2023,26.0
2024,19.0
2025,39.0
2026,18.0
2027,34.0
2028,57.0
2029,18.0
2030,19.0
2031,21.0
2032,22.0
2033,28.0
2034,33.0
2035,51.0
2036,51.0
2037,53.0
2038,57.0
2039,65.0
2040,72.0
2041,47.0
2042,21.0
2043,32.0
2044,34.0
2045,48.0
2046,54.0
2047,58.0
2048,63.0
2049,19.0
2050,31.0
2051,38.0
2052,54.0
2053,55.0
2054,64.0
2055,67.0
2056,76.0
2057,34.0
2058,61.0
2059,56.0
2060,75.0
2061,55.0
2062,63.0
2063,23.0
2064,68.0
2065,69.0
2066,55.0
2067,66.0
2068,71.0
2069,48.0
2070,51.0
2071,60.0
2072,38.0
2073,52.0
2074,50.0
2075,56.0
2076,27.0
2077,39.0
2078,62.0
2079,20.0
2080,57.0
2081,42.0
2082,53.0
2083,69.0
2084,54.0
2085,55.0
2086,53.0
2087,51.0
2088,19.0
2089,55.0
2090,62.0
2091,41.0
2092,28.0
2093,71.0
2094,71.0
2095,58.0
2096,68.0
2097,65.0
2098,58.0
2099,48.0
2100,18.0
2101,38.0
2102,45.0
2103,59.0
2104,67.0
2105,37.0
2106,63.0
2107,44.0
2108,70.0
2109,70.0
2110,57.0
2111,71.0
2112,53.0
2113,61.0
2114,55.0
2115,60.0
2116,60.0
2117,55.0
2118,26.0
2119,55.0
2120,65.0
2121,21.0
2122,37.0
2123,40.0
2124,41.0
2125,49.0
2126,55.0
2127,60.0
2128,58.0
2129,63.0
2130,20.0
2131,59.0
2132,18.0
2133,19.0
2134,55.0
2135,59.0
2136,64.0
2137,49.0
2138,57.0
2139,62.0
2140,55.0
2141,69.0
2142,74.0
2143,37.0
2144,54.0
2145,65.0
2146,30.0
2147,65.0
2148,49.0
2149,54.0
2150,62.0
2151,71.0
2152,54.0
2153,67.0
2154,35.0
2155,42.0
2156,64.0
2157,69.0
2158,25.0
2159,35.0
2160,47.0
2161,56.0
2162,63.0
2163,47.0
2164,62.0
2165,63.0
2166,24.0
2167,63.0
2168,28.0
2169,61.0
2170,66.0
2171,56.0
2172,55.0
2173,67.0
2174,38.0
2175,53.0
2176,59.0
2177,65.0
2178,56.0
2179,64.0
2180,18.0
2181,18.0
2182,20.0
2183,48.0
2184,52.0
2185,61.0
2186,18.0
2187,55.0
2188,39.0
2189,19.0
2190,20.0
2191,26.0
2192,41.0
2193,70.0
2194,48.0
2195,67.0
2196,52.0
2197,72.0
2198,71.0
2199,50.0
2200,58.0
2201,56.0
2202,53.0
2203,63.0
2204,35.0
2205,65.0
2206,66.0
2207,33.0
2208,72.0
2209,50.0
2210,63.0
2211,68.0
2212,60.0
2213,31.0
2214,74.0
2215,48.0
2216,56.0
2217,58.0
2218,57.0
2219,34.0
2220,18.0
2221,75.0
2222,63.0
2223,30.0
2224,51.0
2225,53.0
2226,64.0
2227,50.0
2228,61.0
2229,41.0
2230,55.0
2231,69.0
2232,24.0
2233,72.0
2234,20.0
2235,57.0
2236,24.0
2237,52.0
2238,53.0
2239,68.0
2240,56.0
2241,61.0
2242,18.0
2243,51.0
2244,18.0
2245,57.0
2246,19.0
2247,54.0
2248,64.0
2249,64.0
2250,53.0
