DATE,close
2021-04-28,14.26
2021-04-29,13.71
2021-04-30,13.61
2021-05-03,13.12
2021-05-04,12.5
2021-05-05,12.77
2021-05-06,12.8
2021-05-07,12.4
2021-05-10,12.05
2021-05-11,11.7
2021-05-12,8.76
2021-05-13,8.28
2021-05-14,8.38
2021-05-17,8.23
2021-05-18,8.27
2021-05-19,8.39
2021-05-20,8.68
2021-05-21,8.62
2021-05-24,9.39
2021-05-25,9.45
2021-05-26,9.91
2021-05-27,10.72
2021-05-28,10.76
2021-06-01,10.55
2021-06-02,10.67
2021-06-03,10.78
2021-06-04,11.25
2021-06-07,10.88
2021-06-08,11.13
2021-06-09,10.81
2021-06-10,11.01
2021-06-11,10.8
2021-06-14,11.47
2021-06-15,11.11
2021-06-16,11.81
2021-06-17,12.25
2021-06-18,11.81
2021-06-21,11.57
2021-06-22,11.55
2021-06-23,12.93
2021-06-24,12.84
2021-06-25,12.1
2021-06-28,12.62
2021-06-29,13.14
2021-06-30,13.31
2021-07-01,13.23
2021-07-02,12.72
2021-07-06,12.16
2021-07-07,12.03
2021-07-08,11.84
2021-07-09,11.28
2021-07-12,11.47
2021-07-13,11.44
2021-07-14,10.74
2021-07-15,10.6
2021-07-16,10.22
2021-07-19,9.78
2021-07-20,10.08
2021-07-21,10.54
2021-07-22,10.56
2021-07-23,10.4
2021-07-26,10.1
2021-07-27,9.89
2021-07-28,10.53
2021-07-29,10.56
2021-07-30,10.14
2021-08-02,10.21
2021-08-03,10.08
2021-08-04,10.32
2021-08-05,10.4
2021-08-06,10.35
2021-08-09,10.53
2021-08-10,11.1
2021-08-11,10.45
2021-08-12,10.51
2021-08-13,10.01
2021-08-16,9.43
2021-08-17,9.02
2021-08-18,9.18
2021-08-19,9.06
2021-08-20,9.53
2021-08-23,9.89
2021-08-24,10.11
2021-08-25,10.17
2021-08-26,10.58
2021-08-27,10.82
2021-08-30,10.84
2021-08-31,10.85
2021-09-01,10.81
2021-09-02,10.49
2021-09-03,10.32
2021-09-07,10.29
2021-09-08,9.78
2021-09-09,9.81
2021-09-10,9.59
2021-09-13,9.92
2021-09-14,9.72
2021-09-15,9.36
2021-09-16,9.13
2021-09-17,9.3
2021-09-20,8.73
2021-09-21,8.71
2021-09-22,8.75
2021-09-23,8.59
2021-09-24,8.14
2021-09-27,8.14
2021-09-28,7.77
2021-09-29,7.78
2021-09-30,7.79
2021-10-01,7.62
2021-10-04,6.81
2021-10-05,6.69
2021-10-06,6.51
2021-10-07,6.81
2021-10-08,6.84
2021-10-11,6.56
2021-10-12,6.7
2021-10-13,6.78
2021-10-14,6.67
2021-10-15,6.58
2021-10-18,6.3
2021-10-19,6.76
2021-10-20,7.15
2021-10-21,7.82
2021-10-22,7.65
2021-10-25,7.89
2021-10-26,8.14
2021-10-27,8.46
2021-10-28,9.11
2021-10-29,9.54
2021-11-01,10.08
2021-11-02,9.41
2021-11-03,9.91
2021-11-04,9.89
2021-11-05,10.18
2021-11-08,9.92
2021-11-09,9.42
2021-11-10,8.25
2021-11-11,9.15
2021-11-12,10.27
2021-11-15,10.8
2021-11-16,10.8
2021-11-17,10.73
2021-11-18,9.49
2021-11-19,9.58
2021-11-22,9.04
2021-11-23,8.83
2021-11-24,9.02
2021-11-26,8.75
2021-11-29,8.64
2021-11-30,8.56
2021-12-01,7.8
2021-12-02,8.09
2021-12-03,7.5
2021-12-06,7.63
2021-12-07,7.97
2021-12-08,8.26
2021-12-09,8.17
2021-12-10,8.05
2021-12-13,8.5
2021-12-14,8.0
2021-12-15,7.99
2021-12-16,7.85
2021-12-17,7.71
2021-12-20,7.05
2021-12-21,7.56
2021-12-22,7.6
2021-12-23,7.52
2021-12-27,7.49
2021-12-28,7.32
2021-12-29,7.17
2021-12-30,7.49
2021-12-31,7.56
2022-01-03,7.67
2022-01-04,7.07
2022-01-05,6.5
2022-01-06,6.38
2022-01-07,6.81
2022-01-10,6.57
2022-01-11,6.71
2022-01-12,6.61
2022-01-13,6.08
2022-01-14,5.13
2022-01-18,4.75
2022-01-19,4.46
2022-01-20,4.38
2022-01-21,4.11
2022-01-24,4.18
2022-01-25,3.99
2022-01-26,3.96
2022-01-27,3.63
2022-01-28,3.74
2022-01-31,4.22
2022-02-01,4.21
2022-02-02,4.05
2022-02-03,3.71
2022-02-04,3.76
2022-02-07,3.71
2022-02-08,3.86
2022-02-09,4.22
2022-02-10,3.98
2022-02-11,3.72
2022-02-14,3.81
2022-02-15,4.26
2022-02-16,4.21
2022-02-17,3.92
2022-02-18,3.84
2022-02-22,3.6
2022-02-23,3.52
2022-02-24,4.16
2022-02-25,4.3
2022-02-28,4.71
2022-03-01,4.64
2022-03-02,4.49
2022-03-03,4.69
2022-03-04,4.2
2022-03-07,4.675
2022-03-08,5.32
2022-03-09,5.65
2022-03-10,5.63
2022-03-11,5.44
2022-03-14,4.95
2022-03-15,5.62
2022-03-16,6.27
2022-03-17,6.64
2022-03-18,6.49
2022-03-21,6.52
2022-03-22,6.34
2022-03-23,6.15
2022-03-24,6.45
2022-03-25,6.09
2022-03-28,5.85
2022-03-29,5.33
2022-03-30,4.97
2022-03-31,4.93
2022-04-01,5.13
2022-04-04,5.35
2022-04-05,4.92
2022-04-06,4.89
2022-04-07,4.625
2022-04-08,3.96
2022-04-11,3.93
2022-04-12,3.76
2022-04-13,3.79
2022-04-14,3.59
2022-04-18,3.45
2022-04-19,3.43
2022-04-20,3.21
2022-04-21,2.99
2022-04-22,3.03
2022-04-25,3.09
2022-04-26,2.92
2022-04-27,2.86
2022-04-28,2.94
2022-04-29,2.8
2022-05-02,3.08
2022-05-03,3.54
2022-05-04,3.81
2022-05-05,3.66
2022-05-06,3.65
2022-05-09,3.29
2022-05-10,2.87
2022-05-11,2.83
2022-05-12,2.8
2022-05-13,3.24
2022-05-16,2.96
2022-05-17,3.46
2022-05-18,3.79
2022-05-19,4.14
2022-05-20,3.83
2022-05-23,3.95
2022-05-24,3.86
2022-05-25,3.99
2022-05-26,4.15
2022-05-27,4.5
2022-05-31,4.05
2022-06-01,3.6
2022-06-02,4.11
2022-06-03,3.97
2022-06-06,5.23
2022-06-07,5.63
2022-06-08,5.36
2022-06-09,5.47
2022-06-10,5.27
2022-06-13,5.04
2022-06-14,4.37
2022-06-15,4.97
2022-06-16,4.16
2022-06-17,4.47
2022-06-21,4.72
2022-06-22,4.75
2022-06-23,4.96
2022-06-24,4.57
2022-06-27,4.26
2022-06-28,3.655
2022-06-29,3.285
2022-06-30,3.62
2022-07-01,3.74
2022-07-05,3.9
2022-07-06,3.94
2022-07-07,4.13
2022-07-08,4.26
2022-07-11,3.67
2022-07-12,3.76
2022-07-13,3.73
2022-07-14,3.69
2022-07-15,3.5
2022-07-18,3.55
2022-07-19,3.95
2022-07-20,4.3
2022-07-21,4.26
2022-07-22,3.9
2022-07-25,4.06
2022-07-26,3.94
2022-07-27,4.14
2022-07-28,4.97
2022-07-29,5.02
2022-08-01,5.04
2022-08-02,5.03
2022-08-03,4.91
2022-08-04,4.95
2022-08-05,4.86
2022-08-08,4.92
2022-08-09,4.77
2022-08-10,5.47
2022-08-11,5.05
2022-08-12,5.4
2022-08-15,5.19
2022-08-16,4.88
2022-08-17,4.53
2022-08-18,4.72
2022-08-19,4.36
2022-08-22,4.17
2022-08-23,4.34
2022-08-24,4.64
2022-08-25,4.51
2022-08-26,4.38
2022-08-29,4.35
2022-08-30,4.07
2022-08-31,4.14
2022-09-01,4.01
2022-09-02,3.91
2022-09-06,4.06
2022-09-07,4.36
2022-09-08,4.31
2022-09-09,4.3
2022-09-12,4.25
2022-09-13,4.19
2022-09-14,4.35
2022-09-15,3.77
2022-09-16,3.77
2022-09-19,3.73
2022-09-20,3.58
2022-09-21,3.55
2022-09-22,3.33
2022-09-23,3.17
2022-09-26,3.14
2022-09-27,3.1
2022-09-28,3.2
2022-09-29,3.05
2022-09-30,2.96
2022-10-03,3.18
2022-10-04,3.33
2022-10-05,3.09
2022-10-06,2.93
2022-10-07,2.8
2022-10-10,2.71
2022-10-11,2.78
2022-10-12,2.73
2022-10-13,2.61
2022-10-14,2.44
2022-10-17,2.31
2022-10-18,2.28
2022-10-19,2.18
2022-10-20,2.1
2022-10-21,2.11
2022-10-24,1.84
2022-10-25,2.02
2022-10-26,2.04
2022-10-27,2.04
2022-10-28,2.01
2022-10-31,2.07
2022-11-01,2.02
2022-11-02,1.85
2022-11-03,1.91
2022-11-04,1.9
2022-11-07,1.86
2022-11-08,1.93
2022-11-09,2.18
2022-11-10,2.78
2022-11-11,2.58
2022-11-14,2.36
2022-11-15,2.41
2022-11-16,2.26
2022-11-17,2.3
2022-11-18,2.19
2022-11-21,2.13
2022-11-22,2.09
2022-11-23,2.28
2022-11-25,2.18
2022-11-28,1.96
2022-11-29,1.96
2022-11-30,2.12
2022-12-01,2.28
2022-12-02,2.44
2022-12-05,2.41
2022-12-06,2.26
2022-12-07,2.39
2022-12-08,2.53
2022-12-09,2.63
2022-12-12,2.57
2022-12-13,2.71
2022-12-14,2.83
2022-12-15,2.6
2022-12-16,2.63
2022-12-19,2.45
2022-12-20,2.39
2022-12-21,2.6
2022-12-22,2.47
2022-12-23,2.37
2022-12-27,2.23
2022-12-28,2.28
2022-12-29,2.55
2022-12-30,2.68
2023-01-03,2.59
2023-01-04,2.67
2023-01-05,2.61
2023-01-06,2.64
2023-01-09,2.57
2023-01-10,2.78
2023-01-11,2.92
2023-01-12,2.82
2023-01-13,2.52
2023-01-17,2.6
2023-01-18,2.95
2023-01-19,2.83
2023-01-20,2.91
2023-01-23,3.15
2023-01-24,2.99
2023-01-25,2.83
2023-01-26,2.82
2023-01-27,2.94
2023-01-30,2.675
2023-01-31,2.75
2023-02-01,2.82
2023-02-02,2.72
2023-02-03,2.81
2023-02-06,2.9
2023-02-07,2.93
2023-02-08,2.9
2023-02-09,2.85
2023-02-10,2.72
2023-02-13,2.68
2023-02-14,2.78
2023-02-15,2.98
2023-02-16,2.86
2023-02-17,2.92
2023-02-21,2.7
2023-02-22,2.72
2023-02-23,2.81
2023-02-24,2.69
2023-02-27,2.82
2023-02-28,3.07
2023-03-01,2.89
2023-03-02,2.87
2023-03-03,2.86
2023-03-06,3.06
2023-03-07,3.0
2023-03-08,2.9
2023-03-09,2.72
2023-03-10,2.54
2023-03-13,2.66
2023-03-14,2.43
2023-03-15,2.42
2023-03-16,2.27
2023-03-17,2.13
2023-03-20,2.02
2023-03-21,2.07
2023-03-22,2.03
2023-03-23,2.14
2023-03-24,2.06
2023-03-27,2.07
2023-03-28,2.11
2023-03-29,2.1
2023-03-30,2.1
2023-03-31,2.25
2023-04-03,2.24
2023-04-04,2.38
2023-04-05,2.33
2023-04-06,2.41
2023-04-10,2.52
2023-04-11,2.7
2023-04-12,2.74
2023-04-13,2.82
2023-04-14,2.86
2023-04-17,2.78
2023-04-18,2.6
2023-04-19,2.61
2023-04-20,2.58
2023-04-21,2.68
2023-04-24,2.64
2023-04-25,2.58
2023-04-26,2.57
2023-04-27,2.71
2023-04-28,2.73
2023-05-01,2.64
2023-05-02,2.52
2023-05-03,2.58
2023-05-04,2.52
2023-05-05,2.61
2023-05-08,2.64
2023-05-09,2.65
2023-05-10,2.77
2023-05-11,2.89
2023-05-12,3.1
2023-05-15,3.4
2023-05-16,3.2
2023-05-17,3.4
2023-05-18,3.02
2023-05-19,3.08
2023-05-22,3.38
2023-05-23,3.41
2023-05-24,3.24
2023-05-25,2.84
2023-05-26,2.85
2023-05-30,2.68
2023-05-31,2.76
2023-06-01,2.78
2023-06-02,2.82
2023-06-05,2.82
2023-06-06,2.74
2023-06-07,2.74
2023-06-08,2.75
2023-06-09,2.71
2023-06-12,2.6
2023-06-13,2.64
2023-06-14,2.57
2023-06-15,2.7
2023-06-16,2.58
2023-06-20,2.48
2023-06-21,2.48
2023-06-22,2.66
2023-06-23,2.54
2023-06-26,2.53
2023-06-27,2.64
2023-06-28,2.84
2023-06-29,2.96
2023-06-30,3.22
2023-07-03,3.27
2023-07-05,3.15
2023-07-06,3.02
2023-07-07,3.13
2023-07-10,3.2
2023-07-11,3.13
2023-07-12,3.28
2023-07-13,3.23
2023-07-14,3.13
2023-07-17,3.32
2023-07-18,3.28
2023-07-19,3.34
2023-07-20,3.45
2023-07-21,3.65
2023-07-24,3.79
2023-07-25,3.55
2023-07-26,3.58
2023-07-27,3.63
2023-07-28,3.68
2023-07-31,3.8
2023-08-01,3.75
2023-08-02,3.51
2023-08-03,3.505
2023-08-04,3.47
2023-08-07,3.38
2023-08-08,3.46
2023-08-09,2.3
2023-08-10,2.22
2023-08-11,2.31
2023-08-14,2.14
2023-08-15,1.99
2023-08-16,1.95
2023-08-17,1.92
2023-08-18,1.93
2023-08-21,1.92
2023-08-22,1.97
2023-08-23,1.91
2023-08-24,1.82
2023-08-25,1.87
2023-08-28,1.97
2023-08-29,2.07
2023-08-30,1.92
2023-08-31,1.88
2023-09-01,1.99
2023-09-05,1.95
2023-09-06,1.85
2023-09-07,1.74
2023-09-08,1.65
2023-09-11,1.62
2023-09-12,1.52
2023-09-13,1.32
2023-09-14,1.38
2023-09-15,1.42
2023-09-18,1.35
2023-09-19,1.46
2023-09-20,1.46
2023-09-21,1.35
2023-09-22,1.39
2023-09-25,1.32
2023-09-26,1.26
2023-09-27,1.18
2023-09-28,1.19
2023-09-29,1.28
2023-10-02,1.21
2023-10-03,1.18
2023-10-04,1.11
2023-10-05,1.19
2023-10-06,1.26
2023-10-09,1.28
2023-10-10,1.45
2023-10-11,1.39
2023-10-12,1.31
2023-10-13,1.31
2023-10-16,1.31
2023-10-17,1.41
2023-10-18,1.35
2023-10-19,1.315
2023-10-20,1.22
2023-10-23,1.24
2023-10-24,1.25
2023-10-25,1.25
2023-10-26,1.19
2023-10-27,1.12
2023-10-30,1.09
2023-10-31,1.07
2023-11-01,1.05
2023-11-02,1.22
2023-11-03,1.25
2023-11-06,1.2
2023-11-07,1.19
2023-11-08,0.423
2023-11-09,0.4496
2023-11-10,0.4401
2023-11-13,0.4495
2023-11-14,0.4932
2023-11-15,0.5174
2023-11-16,0.5084
2023-11-17,0.5171
2023-11-20,0.5544
2023-11-21,0.5521
2023-11-22,0.62
2023-11-24,0.6372
2023-11-27,0.6214
2023-11-28,0.65
2023-11-29,0.7395
2023-11-30,0.65
2023-12-01,0.6866
2023-12-04,0.7088
2023-12-05,0.6646
2023-12-06,0.6827
2023-12-07,0.7082
2023-12-08,0.7472
2023-12-11,0.8198
2023-12-12,0.7664
2023-12-13,0.8147
2023-12-14,0.89
2023-12-15,0.9415
2023-12-18,0.8098
2023-12-19,0.7747
2023-12-20,0.7318
2023-12-21,0.6955
2023-12-22,0.6571
2023-12-26,0.7369
2023-12-27,0.7289
2023-12-28,0.7156
2023-12-29,0.6928
2024-01-02,0.6953
2024-01-03,0.6924
2024-01-04,0.6407
2024-01-05,0.6248
2024-01-08,0.6427
2024-01-09,0.5907
2024-01-10,0.5633
2024-01-11,0.5426
2024-01-12,0.568
2024-01-16,0.5108
2024-01-17,0.4807
2024-01-18,0.4941
2024-01-19,0.526
2024-01-22,0.5655
2024-01-23,0.5672
2024-01-24,0.5298
2024-01-25,0.5301
2024-01-26,0.57
2024-01-29,0.5798
2024-01-30,0.5171
2024-01-31,0.5015
2024-02-01,0.5244
2024-02-02,0.5055
2024-02-05,0.4619
2024-02-06,0.4886
2024-02-07,0.4736
2024-02-08,0.4994
2024-02-09,0.5656
2024-02-12,0.7056
2024-02-13,0.6051
2024-02-14,0.6747
2024-02-15,0.6387
2024-02-16,0.5721
2024-02-20,0.5426
2024-02-21,0.5227
2024-02-22,0.5228
2024-02-23,0.54
2024-02-26,0.523
2024-02-27,0.546
2024-02-28,0.451
2024-02-29,0.512
2024-03-01,0.5075
2024-03-04,0.5044
2024-03-05,0.49
2024-03-06,0.4995
2024-03-07,0.5061
2024-03-08,0.5054
2024-03-11,0.476
2024-03-12,0.4568
2024-03-13,0.4747
2024-03-14,0.4449
2024-03-15,0.4415
2024-03-18,0.4973
2024-03-19,0.5372
2024-03-20,0.5465
2024-03-21,0.5777
2024-03-22,0.4682
2024-03-25,0.4792
2024-03-26,0.519
2024-03-27,0.5883
2024-03-28,0.539
2024-04-01,0.5262
2024-04-02,0.485
2024-04-03,0.5055
2024-04-04,0.5388
2024-04-05,0.552
2024-04-08,0.5275
2024-04-09,0.5357
2024-04-10,0.51
2024-04-11,0.4846
2024-04-12,0.475
2024-04-15,0.4495
2024-04-16,0.4052
2024-04-17,0.407
2024-04-18,0.3805
2024-04-19,0.3907
2024-04-22,0.3926
2024-04-23,0.4166
2024-04-24,0.4524
2024-04-25,0.4017
2024-04-26,0.4289
2024-04-29,0.4482
2024-04-30,0.46
2024-05-01,0.4471
2024-05-02,0.4663
2024-05-03,0.543
2024-05-06,0.5341
2024-05-07,0.573
2024-05-08,0.5126
2024-05-09,0.55
2024-05-10,0.4657
2024-05-13,0.4985
2024-05-14,0.5141
2024-05-15,0.5056
2024-05-16,0.4853
2024-05-17,0.4989
2024-05-20,0.5068
2024-05-21,0.472
2024-05-22,0.52
2024-05-23,0.49
2024-05-24,0.4901
2024-05-28,0.5162
2024-05-29,0.481
2024-05-30,0.4844
2024-05-31,0.5181
2024-06-03,0.5005
2024-06-04,0.488
2024-06-05,0.499
2024-06-06,0.4873
2024-06-07,0.4587
2024-06-10,0.4478
2024-06-11,0.4849
2024-06-12,0.4525
2024-06-13,0.4212
2024-06-14,0.4692
2024-06-17,0.4693
2024-06-18,0.4665
2024-06-20,0.4334
2024-06-21,0.44
2024-06-24,0.4216
2024-06-25,0.4317
2024-06-26,0.4001
2024-06-27,0.4283
2024-06-28,0.353
2024-07-01,0.3034
2024-07-02,0.3
2024-07-03,0.3034
2024-07-05,0.3208
2024-07-08,0.32
2024-07-09,0.3321
2024-07-10,0.364
2024-07-11,0.3845
2024-07-12,0.419
2024-07-15,0.4248
2024-07-16,0.415
2024-07-17,0.4212
2024-07-18,0.3891
2024-07-19,0.39
2024-07-22,0.3814
2024-07-23,0.408
2024-07-24,0.4188
2024-07-25,0.4161
2024-07-26,0.476
2024-07-29,0.402
2024-07-30,0.3822
2024-07-31,0.4177
2024-08-01,0.4107
2024-08-02,0.4001
2024-08-05,0.395
2024-08-06,0.3775
2024-08-07,0.3802
2024-08-08,0.2532
2024-08-09,0.2452
2024-08-12,0.2108
2024-08-13,0.25
2024-08-14,0.2542
2024-08-15,0.2401
2024-08-16,0.2374
2024-08-19,0.2452
2024-08-20,0.278
2024-08-21,0.2681
2024-08-22,0.2524
2024-08-23,0.2456
2024-08-26,0.2465
2024-08-27,0.2595
2024-08-28,0.2445
2024-08-29,0.2501
2024-08-30,0.2367
2024-09-03,0.2153
2024-09-04,0.2272
2024-09-05,0.217
2024-09-06,0.2051
2024-09-09,0.213
2024-09-10,0.2251
2024-09-11,0.4592
2024-09-12,0.355
2024-09-13,0.3751
2024-09-16,0.456
2024-09-17,0.5491
2024-09-18,0.494
2024-09-19,0.527
2024-09-20,0.4909
2024-09-23,0.5486
2024-09-24,0.543
2024-09-25,0.5257
2024-09-26,0.5495
2024-09-27,0.645
2024-09-30,0.6806
2024-10-01,0.5868
2024-10-02,0.5224
2024-10-03,0.52
2024-10-04,0.5262
2024-10-07,0.4849
2024-10-08,0.4543
2024-10-09,0.4628
2024-10-10,0.4525
2024-10-11,0.4497
2024-10-14,0.482
2024-10-15,0.5145
2024-10-16,0.5341
2024-10-17,0.5331
2024-10-18,0.589
2024-10-21,0.66
2024-10-22,0.633
2024-10-23,0.6558
2024-10-24,0.7057
2024-10-25,0.6614
2024-10-28,0.636
2024-10-29,0.59
2024-10-30,0.5354
2024-10-31,0.5283
2024-11-01,0.5627
2024-11-04,0.556
2024-11-05,0.58
2024-11-06,0.5344
2024-11-07,0.5041
2024-11-08,0.4871
2024-11-11,0.5212
2024-11-12,0.455
2024-11-13,0.443
2024-11-14,0.4401
2024-11-15,0.4217
2024-11-18,0.403
2024-11-19,0.4
2024-11-20,0.4
2024-11-21,0.413
2024-11-22,0.4039
2024-11-25,0.38
2024-11-26,0.36
2024-11-27,0.3273
2024-11-29,0.315
2024-12-02,3.43
2024-12-03,3.24
2024-12-04,3.03
2024-12-05,2.84
2024-12-06,3.19
2024-12-09,3.37
2024-12-10,3.78
2024-12-11,3.48
2024-12-12,3.2
2024-12-13,3.02
2024-12-16,3.34
2024-12-17,3.29
2024-12-18,3.01
2024-12-19,3.0
2024-12-20,3.11
2024-12-23,3.14
2024-12-24,3.57
2024-12-26,4.2
2024-12-27,5.3
2024-12-30,5.53
2024-12-31,5.51
2025-01-02,5.7
2025-01-03,6.06
2025-01-06,5.73
2025-01-07,5.45
2025-01-08,4.84
2025-01-10,4.75
2025-01-13,4.16
2025-01-14,4.12
2025-01-15,4.05
2025-01-16,4.14
2025-01-17,4.1
2025-01-21,3.73
2025-01-22,4.08
2025-01-23,4.23
2025-01-24,4.19
2025-01-27,3.97
2025-01-28,3.91
2025-01-29,4.07
2025-01-30,3.92
2025-01-31,3.98
2025-02-03,3.87
2025-02-04,3.88
2025-02-05,3.66
2025-02-06,3.62
2025-02-07,3.39
2025-02-10,3.41
2025-02-11,3.15
2025-02-12,3.06
2025-02-13,3.21
2025-02-14,3.38
2025-02-18,3.41
2025-02-19,3.65
2025-02-20,3.42
2025-02-21,3.25
2025-02-24,3.29
2025-02-25,3.21
2025-02-26,3.28
2025-02-27,3.1
2025-02-28,3.16
2025-03-03,2.91
2025-03-04,2.85
2025-03-05,2.93
2025-03-06,2.83
2025-03-07,2.93
2025-03-10,2.74
2025-03-11,2.7
2025-03-12,2.73
2025-03-13,2.51
2025-03-14,2.6
2025-03-17,2.74
2025-03-18,2.62
2025-03-19,2.68
2025-03-20,2.73
2025-03-21,2.81
2025-03-24,3.01
2025-03-25,2.72
2025-03-26,2.64
2025-03-27,2.54
2025-03-28,2.5
2025-03-31,2.87
2025-04-01,2.75
2025-04-02,2.95
2025-04-03,2.95
2025-04-04,2.57
2025-04-07,2.51
2025-04-08,2.26
2025-04-09,2.64
2025-04-10,2.6
2025-04-11,2.86
2025-04-14,2.68
2025-04-15,2.63
2025-04-16,2.53
2025-04-17,2.7
2025-04-21,2.57
2025-04-22,2.75
2025-04-23,2.82
2025-04-24,3.13
2025-04-25,3.18
2025-04-28,3.42
2025-04-29,3.42
2025-04-30,3.19
2025-05-01,3.32
2025-05-02,3.13
2025-05-05,3.01
2025-05-06,3.0
2025-05-07,2.975
2025-05-08,3.3
2025-05-09,3.37
2025-05-12,3.67
2025-05-13,4.0
2025-05-14,4.1
2025-05-15,4.15
2025-05-16,4.09
2025-05-19,4.06
2025-05-20,3.85
2025-05-21,3.71
2025-05-22,3.59
2025-05-23,3.5
2025-05-27,3.83
2025-05-28,4.08
2025-05-29,4.17
2025-05-30,4.11
2025-06-02,4.07
2025-06-03,4.13
2025-06-04,4.39
2025-06-05,4.13
2025-06-06,4.3
2025-06-09,4.4
2025-06-10,4.5
2025-06-11,4.51
2025-06-12,4.59
2025-06-13,4.58
2025-06-16,4.62
2025-06-17,3.95
2025-06-18,4.08
2025-06-20,4.26
2025-06-23,4.21
2025-06-24,4.54
2025-06-25,4.35
2025-06-26,4.5
2025-06-27,4.43
2025-06-30,4.53
2025-07-01,4.78
2025-07-02,4.7
2025-07-03,4.94
2025-07-07,4.96
2025-07-08,5.02
2025-07-09,5.12
2025-07-10,5.18
2025-07-11,5.12
2025-07-14,4.88
2025-07-15,4.78
2025-07-16,4.83
2025-07-17,5.05
2025-07-18,5.05
2025-07-21,4.95
2025-07-22,4.99
2025-07-23,5.49
2025-07-24,5.56
2025-07-25,5.71
2025-07-28,5.63
2025-07-29,5.735
2025-07-30,5.8
2025-07-31,5.71
2025-08-01,5.98
2025-08-04,6.61
2025-08-05,5.39
2025-08-06,5.22
2025-08-07,5.08
2025-08-08,4.57
2025-08-11,4.68
2025-08-12,4.81
2025-08-13,4.81
2025-08-14,4.79
2025-08-15,5.64
2025-08-18,5.93
2025-08-19,5.42
2025-08-20,5.76
2025-08-21,6.44
2025-08-22,6.45
2025-08-25,6.6
2025-08-26,6.98
2025-08-27,6.46
2025-08-28,6.59
2025-08-29,6.25
2025-09-02,6.14
2025-09-03,6.27
2025-09-04,5.99
2025-09-05,6.28
2025-09-08,6.355
2025-09-09,6.535
2025-09-10,6.34
2025-09-11,6.84
2025-09-12,7.11
2025-09-15,6.9
2025-09-16,6.93
2025-09-17,6.99
2025-09-18,7.62
2025-09-19,8.07
2025-09-22,7.58
2025-09-23,7.1
2025-09-24,7.37
2025-09-25,7.525
2025-09-26,7.21
2025-09-29,7.1
2025-09-30,7.05
2025-10-01,7.48
2025-10-02,7.41
2025-10-03,7.53
2025-10-06,7.87
2025-10-07,7.76
2025-10-08,7.93
2025-10-09,7.97
2025-10-10,7.32
2025-10-13,8.0
2025-10-14,8.17
2025-10-15,8.82
2025-10-16,9.42
2025-10-17,8.74
2025-10-20,8.745
2025-10-21,8.4
2025-10-22,7.82
2025-10-23,8.41
2025-10-24,8.825
2025-10-27,9.03
2025-10-28,8.675
2025-10-29,8.72
2025-10-30,8.605
2025-10-31,8.82
2025-11-03,8.37
2025-11-04,7.92
2025-11-05,8.54
2025-11-06,8.1
2025-11-07,8.27
2025-11-10,7.38
2025-11-11,7.44
2025-11-12,11.1
2025-11-13,11.03
2025-11-14,10.43
2025-11-17,9.6
2025-11-18,8.86
2025-11-19,9.0
2025-11-20,8.43
2025-11-21,8.5
2025-11-24,8.88
2025-11-25,9.18
2025-11-26,9.19
2025-11-28,9.43
2025-12-01,8.86
2025-12-02,9.65
2025-12-03,9.76
2025-12-04,9.75
2025-12-05,9.32
2025-12-08,9.24
2025-12-09,9.37
2025-12-10,9.32
2025-12-11,9.99
2025-12-12,9.585
2025-12-15,9.27
2025-12-16,9.57
2025-12-17,9.01
2025-12-18,9.96
2025-12-19,10.44
2025-12-22,11.48
2025-12-23,11.66
2025-12-24,11.83
2025-12-26,11.94
2025-12-29,11.96
2025-12-30,10.8
2025-12-31,10.91
2026-01-02,12.23
2026-01-05,12.5
2026-01-06,11.94
2026-01-07,12.04
2026-01-08,12.21
2026-01-09,11.9
2026-01-12,12.12
2026-01-13,12.02
2026-01-14,11.83
2026-01-15,11.625
2026-01-16,12.33
2026-01-20,11.365
2026-01-21,10.9
2026-01-22,11.5
2026-01-23,11.41
2026-01-26,10.735
2026-01-27,11.465
2026-01-28,10.94
2026-01-29,10.89
2026-01-30,10.38
2026-02-02,10.44
2026-02-03,10.35
2026-02-04,10.3
2026-02-05,9.36
2026-02-06,9.5
2026-02-09,9.64
2026-02-10,10.03
2026-02-11,9.97
2026-02-12,9.44
2026-02-13,9.49
2026-02-17,9.19
2026-02-18,8.62
2026-02-19,8.37
2026-02-20,8.19
2026-02-23,7.39
2026-02-24,7.57
2026-02-25,7.88
2026-02-26,7.74
2026-02-27,7.24
2026-03-02,7.4
2026-03-03,6.8
2026-03-04,7.415
2026-03-05,5.405
2026-03-06,4.16
2026-03-09,4.51
