DATETIME,Wealth
2024-07-02 15:30:00+01:00,0.8294930364198101
2024-07-02 16:30:00+01:00,0.8847925758434744
2024-07-02 17:30:00+01:00,0.8640552691602832
2024-07-02 18:30:00+01:00,0.9493086960152235
2024-07-02 19:30:00+01:00,1.0645160652365946
2024-07-02 20:30:00+01:00,0.9953455640961408
2024-07-03 14:30:00+01:00,0.972350147885436
2024-07-03 15:30:00+01:00,0.8894008662175168
2024-07-03 16:30:00+01:00,0.9354838248930961
2024-07-05 14:30:00+01:00,0.7557603354999758
2024-07-05 15:30:00+01:00,0.7834101326793852
2024-07-05 16:30:00+01:00,0.7972350038015126
2024-07-05 17:30:00+01:00,0.7926267134274702
2024-07-05 18:30:00+01:00,0.8064515845495975
2024-07-05 19:30:00+01:00,0.79262671342747
2024-07-05 20:30:00+01:00,0.79262671342747
2024-07-08 14:30:00+01:00,0.7281105932557208
2024-07-08 15:30:00+01:00,0.7373271740038059
2024-07-08 16:30:00+01:00,0.7188939575724814
2024-07-08 17:30:00+01:00,0.7096773768243965
2024-07-08 18:30:00+01:00,0.6913824871122127
2024-07-08 19:30:00+01:00,0.6912442153282266
2024-07-08 20:30:00+01:00,0.7004607960763115
2024-07-09 14:30:00+01:00,0.695852505702269
2024-07-09 15:30:00+01:00,0.7235023028816784
2024-07-09 16:30:00+01:00,0.7603686258740182
2024-07-09 17:30:00+01:00,0.7419354643778483
2024-07-09 18:30:00+01:00,0.7235023028816784
2024-07-09 19:30:00+01:00,0.7142856671984389
2024-07-09 20:30:00+01:00,0.6912442153282266
2024-07-10 14:30:00+01:00,0.6497695470266897
2024-07-10 15:30:00+01:00,0.7465437547518907
2024-07-10 16:30:00+01:00,0.7465437547518907
2024-07-10 17:30:00+01:00,0.677419344206099
2024-07-10 18:30:00+01:00,0.6820276345801414
2024-07-10 19:30:00+01:00,0.7004607960763113
2024-07-10 20:30:00+01:00,0.7419354643778481
2024-07-11 14:30:00+01:00,0.7004607960763113
2024-07-11 15:30:00+01:00,0.682949281667919
2024-07-11 17:30:00+01:00,0.6912442153282263
2024-07-11 18:30:00+01:00,0.6958525057022689
2024-07-11 19:30:00+01:00,0.7096312862297343
2024-07-11 20:30:00+01:00,0.7050690864503538
2024-07-12 14:30:00+01:00,1.2142856671984386
2024-07-12 15:30:00+01:00,1.221704989430476
2024-07-12 16:30:00+01:00,1.050691194114467
2024-07-12 17:30:00+01:00,1.0967742077252007
2024-07-12 18:30:00+01:00,1.094470007603025
2024-07-12 19:30:00+01:00,1.1658985633358379
2024-07-12 20:30:00+01:00,1.2437787036182484
2024-07-15 14:30:00+01:00,1.1552534488290016
2024-07-15 15:30:00+01:00,1.1889400152060503
2024-07-15 16:30:00+01:00,1.3865437437648596
2024-07-15 17:30:00+01:00,1.3479261979159796
2024-07-15 18:30:00+01:00,1.317972255549549
2024-07-15 19:30:00+01:00,1.3041473844274216
2024-07-15 20:30:00+01:00,1.3364055269160282
2024-07-16 14:30:00+01:00,1.2493086960152235
2024-07-16 15:30:00+01:00,1.2926267134274703
2024-07-16 16:30:00+01:00,1.294930803679337
2024-07-16 17:30:00+01:00,1.3087556748014644
2024-07-16 18:30:00+01:00,1.3286174799266948
2024-07-16 19:30:00+01:00,1.3133639651755071
2024-07-16 20:30:00+01:00,1.2903225133052947
2024-07-17 14:30:00+01:00,1.216589867320615
2024-07-17 15:30:00+01:00,1.2258524837282074
2024-07-17 16:30:00+01:00,1.235023028816785
2024-07-17 17:30:00+01:00,1.188940015206051
2024-07-17 18:30:00+01:00,1.2211981576946573
2024-07-17 19:30:00+01:00,1.2442396095648698
2024-07-17 20:30:00+01:00,1.2119815769465725
2024-07-18 14:30:00+01:00,1.0925805678976537
2024-07-18 15:30:00+01:00,1.069170501140454
2024-07-18 16:30:00+01:00,1.0782487551693982
2024-07-18 17:30:00+01:00,1.082949226732765
2024-07-18 18:30:00+01:00,1.0783409363587224
2024-07-18 19:30:00+01:00,1.0691243556106373
2024-07-18 20:30:00+01:00,1.0737326459846799
2024-07-19 14:30:00+01:00,1.0425805678976539
2024-07-19 15:30:00+01:00,0.9608294768854846
2024-07-19 16:30:00+01:00,0.9617510690381076
2024-07-19 17:30:00+01:00,0.9907834192519153
2024-07-19 18:30:00+01:00,0.9723501478854363
2024-07-19 19:30:00+01:00,0.9585252767633088
2024-07-19 20:30:00+01:00,0.9631335671373513
2024-07-22 14:30:00+01:00,0.9308755345190539
2024-07-22 15:30:00+01:00,0.9358064041205761
2024-07-22 16:30:00+01:00,0.9308755345190538
2024-07-22 17:30:00+01:00,0.9458064700427616
2024-07-22 18:30:00+01:00,0.9658985633358385
2024-07-22 19:30:00+01:00,0.9481105602946283
2024-07-22 20:30:00+01:00,0.9447004056411812
2024-07-23 14:30:00+01:00,0.9544699636549018
2024-07-23 15:30:00+01:00,0.9815668385038302
2024-07-23 16:30:00+01:00,0.9645622107664114
2024-07-23 17:30:00+01:00,0.9861751288778726
2024-07-23 18:30:00+01:00,1.03686632299234
2024-07-23 19:30:00+01:00,1.0359907664992245
2024-07-23 20:30:00+01:00,1.0046082903740428
2024-07-24 14:30:00+01:00,0.9953917096259578
2024-07-24 15:30:00+01:00,1.0184331614961701
2024-07-24 16:30:00+01:00,1.05529948448851
2024-07-24 17:30:00+01:00,1.0829031910732574
2024-07-24 18:30:00+01:00,1.03686632299234
2024-07-24 19:30:00+01:00,1.03686632299234
2024-07-24 20:30:00+01:00,1.064516065236595
2024-07-25 14:30:00+01:00,1.0944700076030258
2024-07-25 15:30:00+01:00,1.1152073692213715
2024-07-25 16:30:00+01:00,1.156681982587754
2024-07-25 17:30:00+01:00,1.165898563335839
2024-07-25 18:30:00+01:00,1.1542857111465632
2024-07-25 19:30:00+01:00,1.1843317248320089
2024-07-25 20:30:00+01:00,1.1797234344579663
2024-07-26 14:30:00+01:00,1.264654282085427
2024-07-26 15:30:00+01:00,1.29953909405338
2024-07-26 16:30:00+01:00,1.2720275686579567
2024-07-26 17:30:00+01:00,1.2857142229312524
2024-07-26 18:30:00+01:00,1.2488478999389125
2024-07-26 19:30:00+01:00,1.2600921372412008
2024-07-26 20:30:00+01:00,1.304147384427422
2024-07-29 14:30:00+01:00,1.3548386884121986
2024-07-29 15:30:00+01:00,1.3410138172900712
2024-07-29 16:30:00+01:00,1.3755759401602354
2024-07-29 17:30:00+01:00,1.3317972365419863
2024-07-29 18:30:00+01:00,1.3317510910121697
2024-07-29 19:30:00+01:00,1.3364055269160289
2024-07-29 20:30:00+01:00,1.3202764556717257
2024-07-30 14:30:00+01:00,1.336405526916029
2024-07-30 15:30:00+01:00,1.2511519901907795
2024-07-30 16:30:00+01:00,1.2396313191908277
2024-07-30 17:30:00+01:00,1.2211981576946578
2024-07-30 18:30:00+01:00,1.2626727710610401
2024-07-30 19:30:00+01:00,1.327188946167944
2024-07-30 20:30:00+01:00,1.308755674801465
2024-07-31 14:30:00+01:00,1.2857142229312526
2024-07-31 15:30:00+01:00,1.3064515845495983
2024-07-31 16:30:00+01:00,1.248709683090081
2024-07-31 17:30:00+01:00,1.250138216848832
2024-07-31 18:30:00+01:00,1.2603685709388643
2024-07-31 19:30:00+01:00,1.2903225133052951
2024-07-31 20:30:00+01:00,1.2672810614350827
2024-08-01 14:30:00+01:00,1.3294930364198108
2024-08-01 15:30:00+01:00,1.3724884746045773
2024-08-01 16:30:00+01:00,1.3682027634580147
2024-08-01 17:30:00+01:00,1.3548847240717063
2024-08-01 18:30:00+01:00,1.3364055269160289
2024-08-01 19:30:00+01:00,1.4055298825266662
2024-08-01 20:30:00+01:00,1.3983409583327848
2024-08-02 14:30:00+01:00,1.3410138172900716
2024-08-02 15:30:00+01:00,1.3248847460457684
2024-08-02 16:30:00+01:00,1.3087096391419577
2024-08-02 17:30:00+01:00,1.2903225133052953
2024-08-02 18:30:00+01:00,1.3133639651755078
2024-08-02 19:30:00+01:00,1.382488430656454
2024-08-02 20:30:00+01:00,1.6843317248320093
2024-08-05 14:30:00+01:00,1.4700460576335703
2024-08-05 15:30:00+01:00,1.5483869939922925
2024-08-05 16:30:00+01:00,1.5760828817663641
2024-08-05 17:30:00+01:00,1.71428566719844
2024-08-05 18:30:00+01:00,1.7004607960763127
2024-08-05 19:30:00+01:00,1.723502247946525
2024-08-05 20:30:00+01:00,1.8018432941755562
2024-08-06 14:30:00+01:00,1.7494930583938728
2024-08-06 15:30:00+01:00,1.7419354094426949
2024-08-06 16:30:00+01:00,1.7373271190686523
2024-08-06 17:30:00+01:00,1.7142856671984399
2024-08-06 18:30:00+01:00,1.801843294175556
2024-08-06 19:30:00+01:00,1.8478801622564733
2024-08-06 20:30:00+01:00,1.8341013267938535
2024-08-07 14:30:00+01:00,1.997096786952682
2024-08-07 15:30:00+01:00,1.985483715022788
2024-08-07 16:30:00+01:00,1.9953915997556495
2024-08-07 17:30:00+01:00,1.935483715022788
2024-08-07 18:30:00+01:00,1.935483715022788
2024-08-07 19:30:00+01:00,1.9032257922747995
2024-08-07 20:30:00+01:00,1.8387096171678958
2024-08-08 14:30:00+01:00,1.9861750190075642
2024-08-08 15:30:00+01:00,1.8963131919082723
2024-08-08 16:30:00+01:00,1.8894008112823633
2024-08-08 17:30:00+01:00,1.9354837150227882
2024-08-08 18:30:00+01:00,1.9482948128029685
2024-08-08 19:30:00+01:00,1.95852527676331
2024-08-08 20:30:00+01:00,1.8894008112823637
2024-08-09 14:30:00+01:00,1.9354837150227886
2024-08-09 15:30:00+01:00,1.9677418575113952
2024-08-09 16:30:00+01:00,2.004700471563368
2024-08-09 17:30:00+01:00,2.004608180503735
2024-08-09 18:30:00+01:00,1.9816589098228465
2024-08-09 19:30:00+01:00,2.0506451584549614
2024-08-09 20:30:00+01:00,1.9815668385038316
2024-08-12 14:30:00+01:00,2.4193547536487947
2024-08-12 15:30:00+01:00,2.4239631538931463
2024-08-12 16:30:00+01:00,2.488479219129741
2024-08-12 17:30:00+01:00,2.5161751069038125
2024-08-12 18:30:00+01:00,2.5142855573281317
2024-08-12 19:30:00+01:00,2.5216589537709706
2024-08-12 20:30:00+01:00,2.668202653587707
2024-08-13 14:30:00+01:00,2.9032257922748013
2024-08-13 15:30:00+01:00,3.0645160652365973
2024-08-13 16:30:00+01:00,3.0303685929129283
2024-08-13 17:30:00+01:00,3.0460829037404276
2024-08-13 18:30:00+01:00,2.949308696015226
2024-08-13 19:30:00+01:00,2.3497233465617207
2024-08-13 20:30:00+01:00,2.364055269160285
2024-08-14 14:30:00+01:00,2.061152056112966
2024-08-14 15:30:00+01:00,1.984884702097646
2024-08-14 16:30:00+01:00,2.129032130473192
2024-08-14 17:30:00+01:00,2.1520736922137136
2024-08-14 18:30:00+01:00,2.0737326459846823
2024-08-14 19:30:00+01:00,2.1658984534655317
2024-08-14 20:30:00+01:00,2.1105989689770217
2024-08-15 14:30:00+01:00,2.278801842305345
2024-08-15 15:30:00+01:00,2.203548371502281
2024-08-15 16:30:00+01:00,2.225806338198393
2024-08-15 17:30:00+01:00,2.1751150342136163
2024-08-15 18:30:00+01:00,2.235022918946478
2024-08-15 19:30:00+01:00,2.203317863593816
2024-08-15 20:30:00+01:00,2.1198155497251068
2024-08-16 14:30:00+01:00,2.207373176702223
2024-08-16 15:30:00+01:00,2.240506765813636
2024-08-16 16:30:00+01:00,2.506866235096095
2024-08-16 17:30:00+01:00,2.5345621228701667
2024-08-16 18:30:00+01:00,2.4109676937343183
2024-08-16 19:30:00+01:00,2.4976957998778264
2024-08-16 20:30:00+01:00,2.4516128961374015
2024-08-19 14:30:00+01:00,2.3179723654198603
2024-08-19 15:30:00+01:00,2.3364055269160304
2024-08-19 16:30:00+01:00,2.202764996198489
2024-08-19 17:30:00+01:00,2.253225792274801
2024-08-19 18:30:00+01:00,2.322580545923594
2024-08-19 19:30:00+01:00,2.260368680809175
2024-08-19 20:30:00+01:00,2.2211981576946593
2024-08-20 14:30:00+01:00,2.341013707419764
2024-08-20 15:30:00+01:00,2.3271889461679454
2024-08-20 16:30:00+01:00,2.294930803679339
2024-08-20 17:30:00+01:00,2.3158984534655316
2024-08-20 18:30:00+01:00,2.2857142229312544
2024-08-20 19:30:00+01:00,2.2928571114656284
2024-08-20 20:30:00+01:00,2.2672810614350842
2024-08-21 14:30:00+01:00,2.3709676497861945
2024-08-21 15:30:00+01:00,2.1750691084244176
2024-08-21 16:30:00+01:00,2.193548415450404
2024-08-21 17:30:00+01:00,2.2511521000610895
2024-08-21 18:30:00+01:00,2.1474652919693606
2024-08-21 19:30:00+01:00,2.1935484154504037
2024-08-21 20:30:00+01:00,2.170506853709882
2024-08-22 14:30:00+01:00,2.3594468689159327
2024-08-22 15:30:00+01:00,2.322580545923593
2024-08-22 16:30:00+01:00,2.3271889461679445
2024-08-22 17:30:00+01:00,2.352626559609039
2024-08-22 18:30:00+01:00,2.3548386884121997
2024-08-22 19:30:00+01:00,2.382488430656455
2024-08-22 20:30:00+01:00,2.3502302881678485
2024-08-23 14:30:00+01:00,2.2949308036793385
2024-08-23 15:30:00+01:00,2.3594468689159336
2024-08-23 16:30:00+01:00,2.3594468689159336
2024-08-23 17:30:00+01:00,2.3548386884122
2024-08-23 18:30:00+01:00,2.331797126671679
2024-08-23 19:30:00+01:00,2.3917050114045404
2024-08-23 20:30:00+01:00,2.3824884306564553
2024-08-26 14:30:00+01:00,2.3525344882900248
2024-08-26 15:30:00+01:00,2.396313191908274
2024-08-26 16:30:00+01:00,2.4009215921526255
2024-08-26 17:30:00+01:00,2.41013817290071
2024-08-26 18:30:00+01:00,2.3502302881678485
2024-08-26 19:30:00+01:00,2.39170501140454
2024-08-26 20:30:00+01:00,2.3732718499083703
2024-08-27 14:30:00+01:00,2.3778800304121033
2024-08-27 15:30:00+01:00,2.37327184990837
2024-08-27 16:30:00+01:00,2.396313191908273
2024-08-27 17:30:00+01:00,2.3917050114045395
2024-08-27 18:30:00+01:00,2.3917050114045395
2024-08-27 19:30:00+01:00,2.3824884306564544
2024-08-27 20:30:00+01:00,2.377880030412103
2024-08-28 14:30:00+01:00,2.400921592152624
2024-08-28 15:30:00+01:00,2.4308755345190547
2024-08-28 16:30:00+01:00,2.4101381729007088
2024-08-28 17:30:00+01:00,2.391705011404539
2024-08-28 18:30:00+01:00,2.394608224451858
2024-08-28 19:30:00+01:00,2.442396315389315
2024-08-28 20:30:00+01:00,2.43317973464123
2024-08-29 14:30:00+01:00,2.421658953770969
2024-08-29 15:30:00+01:00,2.3617510690381076
2024-08-29 16:30:00+01:00,2.3778800304121015
2024-08-29 17:30:00+01:00,2.410138172900708
2024-08-29 18:30:00+01:00,2.406774163777077
2024-08-29 19:30:00+01:00,2.419354753648793
2024-08-29 20:30:00+01:00,2.419354753648793
2024-08-30 14:30:00+01:00,2.353640442821294
2024-08-30 15:30:00+01:00,2.394009211526714
2024-08-30 16:30:00+01:00,2.375576050030544
2024-08-30 17:30:00+01:00,2.3456221076641133
2024-08-30 18:30:00+01:00,2.327188946167943
2024-08-30 19:30:00+01:00,2.3317971266716766
2024-08-30 20:30:00+01:00,2.368663449664017
2024-09-03 14:30:00+01:00,2.3456221076641133
2024-09-03 15:30:00+01:00,2.3594468689159314
2024-09-03 16:30:00+01:00,2.3594468689159314
2024-09-03 17:30:00+01:00,2.345622107664113
2024-09-03 18:30:00+01:00,2.29953898418307
2024-09-03 19:30:00+01:00,2.304147384427421
2024-09-03 20:30:00+01:00,2.3271889461679427
2024-09-04 14:30:00+01:00,2.2119815769465716
2024-09-04 15:30:00+01:00,2.331797126671676
2024-09-04 16:30:00+01:00,2.3179723654198576
2024-09-04 17:30:00+01:00,2.24423949969456
2024-09-04 18:30:00+01:00,2.271889241938815
2024-09-04 19:30:00+01:00,2.2995389841830702
2024-09-04 20:30:00+01:00,2.2857142229312517
2024-09-05 14:30:00+01:00,2.396313191908271
2024-09-05 15:30:00+01:00,2.3686634496640164
2024-09-05 16:30:00+01:00,2.2764976421831666
2024-09-05 17:30:00+01:00,2.2541473844274216
2024-09-05 18:30:00+01:00,2.276497642183167
2024-09-05 19:30:00+01:00,2.2811058226869005
2024-09-05 20:30:00+01:00,2.2488478999389123
2024-09-06 14:30:00+01:00,2.21428555732813
2024-09-06 16:30:00+01:00,2.2027649961984874
2024-09-06 17:30:00+01:00,2.2027649961984874
2024-09-06 18:30:00+01:00,2.207373176702221
2024-09-06 19:30:00+01:00,2.161290272961796
2024-09-06 20:30:00+01:00,2.2073731767022204
2024-09-09 14:30:00+01:00,2.1889400152060507
2024-09-09 15:30:00+01:00,2.0516128961373994
2024-09-09 16:30:00+01:00,2.032257922747988
2024-09-09 17:30:00+01:00,2.037096611160186
2024-09-09 18:30:00+01:00,2.057603684610685
2024-09-09 19:30:00+01:00,2.0184331614961692
2024-09-09 20:30:00+01:00,1.9354837150227864
2024-09-10 14:30:00+01:00,1.9400921152671382
2024-09-10 15:30:00+01:00,1.898617392030447
2024-09-10 16:30:00+01:00,1.866405395071657
2024-09-10 17:30:00+01:00,1.8452995284366331
2024-09-10 18:30:00+01:00,1.839723390509842
2024-09-11 14:30:00+01:00,1.6728110538320564
2024-09-11 15:30:00+01:00,1.665898563335838
2024-09-11 16:30:00+01:00,1.6359446209694075
2024-09-11 17:30:00+01:00,1.6267280402213227
2024-09-11 18:30:00+01:00,1.5898617172289828
2024-09-11 19:30:00+01:00,1.552995284366334
2024-09-11 20:30:00+01:00,1.4976957998778242
2024-09-12 14:30:00+01:00,1.4595851956350723
2024-09-12 15:30:00+01:00,1.4608294768854841
2024-09-12 16:30:00+01:00,1.4884792191297391
2024-09-12 17:30:00+01:00,1.4516128961373993
2024-09-12 18:30:00+01:00,1.4516128961373993
2024-09-12 19:30:00+01:00,1.4377879151449628
2024-09-12 20:30:00+01:00,1.4285713343968778
2024-09-13 14:30:00+01:00,1.3525344882900223
2024-09-13 15:30:00+01:00,1.3133639651755067
2024-09-13 16:30:00+01:00,1.2633639651755066
2024-09-13 17:30:00+01:00,1.3041473844274216
2024-09-13 18:30:00+01:00,1.3133639651755065
2024-09-13 19:30:00+01:00,1.3110598749236397
2024-09-13 20:30:00+01:00,1.2672810614350816
2024-09-16 14:30:00+01:00,1.2764976421831666
2024-09-16 15:30:00+01:00,1.2764976421831666
2024-09-16 16:30:00+01:00,1.2442396095648693
2024-09-16 17:30:00+01:00,1.2212441933541645
2024-09-16 18:30:00+01:00,1.2626727710610395
2024-09-17 14:30:00+01:00,1.3133639651755067
2024-09-17 15:30:00+01:00,1.4470046057633568
2024-09-17 16:30:00+01:00,1.4493086960152233
2024-09-17 17:30:00+01:00,1.4447464413006883
2024-09-17 18:30:00+01:00,1.4511519901907783
2024-09-17 19:30:00+01:00,1.534516087210656
2024-09-17 20:30:00+01:00,1.6589860728396195
2024-09-18 14:30:00+01:00,1.6843317248320075
2024-09-18 15:30:00+01:00,1.834101326793852
2024-09-18 16:30:00+01:00,1.7050690864503535
2024-09-18 17:30:00+01:00,1.6126727710610391
2024-09-18 18:30:00+01:00,1.6359446209694073
2024-09-18 19:30:00+01:00,1.6152073692213706
2024-09-18 20:30:00+01:00,1.58525342685494
2024-09-19 14:30:00+01:00,1.6175114594732374
2024-09-19 15:30:00+01:00,1.5391704132442061
2024-09-19 16:30:00+01:00,1.4705990348992046
2024-09-19 17:30:00+01:00,1.4516589317969066
2024-09-19 18:30:00+01:00,1.451612896137399
2024-09-19 19:30:00+01:00,1.4672810614350817
2024-09-19 20:30:00+01:00,1.43317962477092
2024-09-20 14:30:00+01:00,1.5230414518702122
2024-09-20 15:30:00+01:00,1.4930875095037814
2024-09-20 17:30:00+01:00,1.5207372517480364
2024-09-20 18:30:00+01:00,1.3824884306564529
2024-09-20 19:30:00+01:00,1.2810598968977018
2024-09-20 20:30:00+01:00,1.3640091236304666
2024-09-23 14:30:00+01:00,1.3870967210304954
2024-09-23 15:30:00+01:00,1.4078340826488411
2024-09-23 16:30:00+01:00,1.382488430656453
2024-09-23 17:30:00+01:00,1.382488430656453
2024-09-23 18:30:00+01:00,1.356405439019781
2024-09-23 19:30:00+01:00,1.372580545923592
2024-09-23 20:30:00+01:00,1.341013817290071
2024-09-24 14:30:00+01:00,1.350230398038156
2024-09-24 15:30:00+01:00,1.3064515845495979
2024-09-24 16:30:00+01:00,1.3134101107053238
2024-09-24 17:30:00+01:00,1.3133639651755071
2024-09-24 18:30:00+01:00,1.2811059325572096
2024-09-24 19:30:00+01:00,1.276497642183167
2024-09-24 20:30:00+01:00,1.2811059325572096
2024-09-25 14:30:00+01:00,1.2903225133052947
2024-09-25 15:30:00+01:00,1.3179722555495497
2024-09-25 16:30:00+01:00,1.3133639651755071
2024-09-25 17:30:00+01:00,1.3243317687801324
2024-09-25 20:30:00+01:00,1.290322513305295
2024-09-26 14:30:00+01:00,1.3247465291969365
2024-09-26 15:30:00+01:00,1.3317972365419863
2024-09-26 16:30:00+01:00,1.29953909405338
2024-09-26 18:30:00+01:00,1.3018432941755558
2024-09-26 19:30:00+01:00,1.28110593255721
2024-09-27 14:30:00+01:00,1.2764976421831675
2024-09-27 15:30:00+01:00,1.2903225133052951
2024-09-27 16:30:00+01:00,1.287741879485456
2024-09-27 17:30:00+01:00,1.2492165148259002
2024-09-27 18:30:00+01:00,1.2811059325572103
2024-09-27 19:30:00+01:00,1.2580644806869978
2024-09-27 20:30:00+01:00,1.2488478999389128
2024-09-30 14:30:00+01:00,1.28110593255721
2024-09-30 15:30:00+01:00,1.2870506853709887
2024-09-30 16:30:00+01:00,1.2672810614350827
2024-09-30 17:30:00+01:00,1.2442396095648702
2024-09-30 18:30:00+01:00,1.2458525057022696
2024-09-30 20:30:00+01:00,1.290322513305295
2024-10-01 14:30:00+01:00,1.2673732426244066
2024-10-01 15:30:00+01:00,1.2488478999389125
2024-10-01 16:30:00+01:00,1.2119815769465727
2024-10-01 17:30:00+01:00,1.1935483055800937
2024-10-01 18:30:00+01:00,1.1889400152060512
2024-10-01 19:30:00+01:00,1.1520736922137114
2024-10-01 20:30:00+01:00,1.1520736922137114
2024-10-02 14:30:00+01:00,1.156681982587754
2024-10-02 16:30:00+01:00,1.2350230288167852
2024-10-02 17:30:00+01:00,1.2350230288167852
2024-10-02 18:30:00+01:00,1.271889351809125
2024-10-02 19:30:00+01:00,1.2649768613129067
2024-10-02 20:30:00+01:00,1.290322513305295
2024-10-03 14:30:00+01:00,1.2691705011404542
2024-10-03 15:30:00+01:00,1.26267277106104
2024-10-03 16:30:00+01:00,1.2419354094426942
2024-10-03 18:30:00+01:00,1.207373176702221
2024-10-03 19:30:00+01:00,1.198156595954136
2024-10-03 20:30:00+01:00,1.188940015206051
2024-10-04 14:30:00+01:00,1.2327188286946091
2024-10-04 15:30:00+01:00,1.2258064480686999
2024-10-04 16:30:00+01:00,1.188940015206051
2024-10-04 17:30:00+01:00,1.1976957998778244
2024-10-04 18:30:00+01:00,1.198156595954136
2024-10-04 19:30:00+01:00,1.188940015206051
2024-10-04 20:30:00+01:00,1.1520736922137111
2024-10-07 14:30:00+01:00,1.1474654018396686
2024-10-07 15:30:00+01:00,1.1466820265358773
2024-10-07 16:30:00+01:00,1.1290322403434987
2024-10-07 17:30:00+01:00,1.158617457952633
2024-10-07 19:30:00+01:00,1.115668165297683
2024-10-07 20:30:00+01:00,1.1198156595954138
2024-10-08 14:30:00+01:00,1.1198616952549214
2024-10-08 15:30:00+01:00,1.127050619448803
2024-10-08 18:30:00+01:00,1.1521197278732187
2024-10-08 19:30:00+01:00,1.198156595954136
2024-10-08 20:30:00+01:00,1.2165898673206152
2024-10-09 14:30:00+01:00,1.2488478999389128
2024-10-09 15:30:00+01:00,1.28110593255721
2024-10-09 16:30:00+01:00,1.285668187271745
2024-10-09 17:30:00+01:00,1.253456190312955
2024-10-09 18:30:00+01:00,1.2672810614350825
2024-10-09 19:30:00+01:00,1.2488478999389125
2024-10-09 20:30:00+01:00,1.24423960956487
2024-10-10 14:30:00+01:00,1.2258064480687
2024-10-10 16:30:00+01:00,1.2442396095648702
2024-10-10 18:30:00+01:00,1.248940081128237
2024-10-10 20:30:00+01:00,1.2442396095648705
2024-10-11 14:30:00+01:00,1.267281061435083
2024-10-11 15:30:00+01:00,1.267281061435083
2024-10-11 17:30:00+01:00,1.2626727710610404
2024-10-11 19:30:00+01:00,1.283410132679386
2024-10-11 20:30:00+01:00,1.2903225133052953
2024-10-14 14:30:00+01:00,1.2856681872717455
2024-10-14 15:30:00+01:00,1.2718893518091254
2024-10-14 16:30:00+01:00,1.2903225133052953
2024-10-14 17:30:00+01:00,1.2718893518091254
2024-10-14 18:30:00+01:00,1.2621658294549123
2024-10-14 19:30:00+01:00,1.2718893518091252
2024-10-15 14:30:00+01:00,1.2582948787251536
2024-10-15 15:30:00+01:00,1.2718893518091254
2024-10-15 16:30:00+01:00,1.2746543480076127
2024-10-15 17:30:00+01:00,1.2764976421831677
2024-10-15 18:30:00+01:00,1.2718893518091252
2024-10-15 19:30:00+01:00,1.2718893518091252
2024-10-16 14:30:00+01:00,1.2534561903129553
2024-10-16 15:30:00+01:00,1.3018432941755558
2024-10-16 16:30:00+01:00,1.2903225133052951
2024-10-16 18:30:00+01:00,1.2442396095648705
2024-10-16 19:30:00+01:00,1.1981565959541365
2024-10-16 20:30:00+01:00,1.1981565959541365
2024-10-17 14:30:00+01:00,1.2350230288167854
2024-10-17 15:30:00+01:00,1.2311059325572102
2024-10-17 17:30:00+01:00,1.2304147384427429
2024-10-17 18:30:00+01:00,1.253456190312955
2024-10-17 19:30:00+01:00,1.2442396095648702
2024-10-18 14:30:00+01:00,1.2350230288167854
2024-10-18 16:30:00+01:00,1.2304147384427429
2024-10-18 17:30:00+01:00,1.202764886328179
2024-10-18 18:30:00+01:00,1.221198157694658
2024-10-18 19:30:00+01:00,1.2434100887312625
2024-10-21 14:30:00+01:00,1.1880184230534285
2024-10-21 15:30:00+01:00,1.1935483055800942
2024-10-21 16:30:00+01:00,1.2119354314167565
2024-10-21 17:30:00+01:00,1.2091704352182693
2024-10-21 19:30:00+01:00,1.1705068537098817
2024-10-22 14:30:00+01:00,1.1935944511099108
2024-10-22 15:30:00+01:00,1.2064515845495987
2024-10-22 17:30:00+01:00,1.174516131158781
2024-10-23 14:30:00+01:00,1.133640530717542
2024-10-23 15:30:00+01:00,1.1382488210915844
2024-10-23 16:30:00+01:00,1.133640530717542
2024-10-23 17:30:00+01:00,1.133640530717542
2024-10-23 18:30:00+01:00,1.1267280402213236
2024-10-23 19:30:00+01:00,1.115207369221372
2024-10-23 20:30:00+01:00,1.1105990788473294
2024-10-24 14:30:00+01:00,1.115207369221372
2024-10-24 15:30:00+01:00,1.1059907884732871
2024-10-24 16:30:00+01:00,1.0921658074808507
2024-10-24 17:30:00+01:00,1.096774207725202
2024-10-24 18:30:00+01:00,1.1198156595954145
2024-10-24 19:30:00+01:00,1.0974654018396695
2024-10-24 20:30:00+01:00,1.1036865883511113
2024-10-25 14:30:00+01:00,1.1207372517480376
2024-10-25 15:30:00+01:00,1.1198156595954145
2024-10-25 16:30:00+01:00,1.1290322403434996
2024-10-25 17:30:00+01:00,1.1211520121648417
2024-10-25 18:30:00+01:00,1.1198156595954147
2024-10-25 19:30:00+01:00,1.1244239499694573
2024-10-25 20:30:00+01:00,1.1474654018396697
2024-10-28 13:30:00+00:00,1.0691243556106385
2024-10-28 14:30:00+00:00,1.1059907884732876
2024-10-28 15:30:00+00:00,1.1336405307175426
2024-10-28 17:30:00+00:00,1.1129031690991968
2024-10-28 18:30:00+00:00,1.1292166027221484
2024-10-28 19:30:00+00:00,1.1313363305953668
2024-10-29 13:30:00+00:00,1.1359446209694093
2024-10-29 15:30:00+00:00,1.1152073692213726
2024-10-29 16:30:00+00:00,1.1981565959541374
2024-10-29 17:30:00+00:00,1.1244239499694575
2024-10-29 18:30:00+00:00,1.1336405307175423
2024-10-29 19:30:00+00:00,1.1751151440839247
2024-10-30 13:30:00+00:00,1.1428571114656272
2024-10-30 15:30:00+00:00,1.1752073252732487
2024-10-30 16:30:00+00:00,1.1429031471251347
2024-10-30 17:30:00+00:00,1.1751151440839245
2024-10-30 18:30:00+00:00,1.1566819825877546
2024-10-31 13:30:00+00:00,1.138709617167896
2024-10-31 14:30:00+00:00,1.1566819825877546
2024-10-31 18:30:00+00:00,1.1658985633358396
2024-10-31 19:30:00+00:00,1.1705068537098822
2024-11-01 14:30:00+00:00,1.193502269920587
2024-11-01 15:30:00+00:00,1.1290322403434998
2024-11-01 16:30:00+00:00,1.1290322403434998
2024-11-01 17:30:00+00:00,1.1382488210915849
2024-11-01 18:30:00+00:00,1.1382488210915849
2024-11-01 19:30:00+00:00,1.180184340404588
2024-11-04 14:30:00+00:00,1.1521197278732198
2024-11-04 15:30:00+00:00,1.1520736922137123
2024-11-04 20:30:00+00:00,1.1520736922137123
2024-11-05 14:30:00+00:00,1.1658985633358396
2024-11-05 15:30:00+00:00,1.1400460796076324
2024-11-05 17:30:00+00:00,1.1520736922137123
2024-11-05 18:30:00+00:00,1.1428571114656274
2024-11-05 19:30:00+00:00,1.1520736922137125
2024-11-06 14:30:00+00:00,1.1888939795465447
2024-11-06 17:30:00+00:00,1.2052534488290036
2024-11-06 20:30:00+00:00,1.2027648863281797
2024-11-07 14:30:00+00:00,1.1658985633358399
2024-11-07 15:30:00+00:00,1.18433172483201
2024-11-07 16:30:00+00:00,1.1820276345801433
2024-11-07 17:30:00+00:00,1.1707833972778547
2024-11-07 19:30:00+00:00,1.1889400152060525
2024-11-07 20:30:00+00:00,1.2211981576946591
2024-11-08 14:30:00+00:00,1.218294834777031
2024-11-08 16:30:00+00:00,1.2027648863281801
2024-11-08 17:30:00+00:00,1.1958525057022709
2024-11-08 19:30:00+00:00,1.230414738442744
2024-11-08 20:30:00+00:00,1.342119771821344
2024-11-11 14:30:00+00:00,1.4504607960763136
2024-11-11 15:30:00+00:00,1.4700460576335717
2024-11-11 16:30:00+00:00,1.5184331614961721
2024-11-11 17:30:00+00:00,1.5208754685968706
2024-11-11 18:30:00+00:00,1.5276497422442574
2024-11-11 19:30:00+00:00,1.5023040902518692
2024-11-11 20:30:00+00:00,1.4884792191297418
2024-11-12 14:30:00+00:00,1.5714285557328156
2024-11-12 15:30:00+00:00,1.5460829037404273
2024-11-12 16:30:00+00:00,1.5207833972778557
2024-11-12 17:30:00+00:00,1.4700460576335719
2024-11-12 18:30:00+00:00,1.4354838248930986
2024-11-12 20:30:00+00:00,1.4331796247709228
2024-11-13 14:30:00+00:00,1.4331796247709228
2024-11-13 15:30:00+00:00,1.336451562575538
2024-11-13 16:30:00+00:00,1.3960829037404272
2024-11-13 19:30:00+00:00,1.3179722555495517
2024-11-13 20:30:00+00:00,1.2764976421831693
2024-11-14 14:30:00+00:00,1.4470046057633594
2024-11-14 15:30:00+00:00,1.4700460576335719
2024-11-14 16:30:00+00:00,1.4700460576335719
2024-11-14 17:30:00+00:00,1.3960829037404272
2024-11-14 18:30:00+00:00,1.5582026975358314
2024-11-14 19:30:00+00:00,1.5207372517480393
2024-11-14 20:30:00+00:00,1.5391704132442092
2024-11-15 14:30:00+00:00,1.405529882526668
2024-11-15 16:30:00+00:00,1.3956681433236233
2024-11-15 20:30:00+00:00,1.4009215921526255
2024-11-18 14:30:00+00:00,1.479262638381657
2024-11-18 15:30:00+00:00,1.4762672441450138
2024-11-18 17:30:00+00:00,1.4194469348381196
2024-11-18 18:30:00+00:00,1.4377879151449653
2024-11-18 20:30:00+00:00,1.433179624770923
2024-11-19 14:30:00+00:00,1.4239630440228381
2024-11-19 15:30:00+00:00,1.4055298825266682
2024-11-19 16:30:00+00:00,1.389400921152674
2024-11-19 19:30:00+00:00,1.3686635595343284
2024-11-20 14:30:00+00:00,1.4214745913923232
2024-11-20 16:30:00+00:00,1.3456681433236235
2024-11-20 17:30:00+00:00,1.3870967210304983
2024-11-20 18:30:00+00:00,1.3502303980381585
2024-11-21 15:30:00+00:00,1.345622107664116
2024-11-21 16:30:00+00:00,1.253456190312957
2024-11-21 17:30:00+00:00,1.2626727710610421
2024-11-21 18:30:00+00:00,1.3479261979159827
2024-11-21 19:30:00+00:00,1.2926267134274727
2024-11-21 20:30:00+00:00,1.271889351809127
2024-11-22 14:30:00+00:00,1.2672810614350845
2024-11-22 16:30:00+00:00,1.3225805459235944
2024-11-22 17:30:00+00:00,1.3294930364198128
2024-11-22 18:30:00+00:00,1.2903686588351135
2024-11-22 19:30:00+00:00,1.2764976421831695
2024-11-22 20:30:00+00:00,1.292626713427473
2024-11-25 14:30:00+00:00,1.2211520121648431
2024-11-25 15:30:00+00:00,1.2488478999389148
2024-11-25 17:30:00+00:00,1.2580644806869996
2024-11-25 18:30:00+00:00,1.331751091012172
2024-11-26 14:30:00+00:00,2.129170347322025
2024-11-26 15:30:00+00:00,2.19815659595414
2024-11-26 16:30:00+00:00,2.2299539423664347
2024-11-26 17:30:00+00:00,2.267281061435086
2024-11-26 18:30:00+00:00,2.312442373022888
2024-11-26 19:30:00+00:00,2.2903224034349896
2024-11-26 20:30:00+00:00,2.493087399633477
2024-11-27 14:30:00+00:00,2.0281105383205698
2024-11-27 15:30:00+00:00,2.041474503496077
2024-11-27 16:30:00+00:00,2.05534563001833
2024-11-27 17:30:00+00:00,2.064516065236598
2024-11-27 18:30:00+00:00,2.1175113496029323
2024-11-27 19:30:00+00:00,2.0368663229923434
2024-11-27 20:30:00+00:00,2.0086634936121435
2024-11-29 14:30:00+00:00,1.9262671342747053
2024-11-29 15:30:00+00:00,1.8894008112823655
2024-11-29 16:30:00+00:00,2.0008754466228096
2024-12-02 14:30:00+00:00,1.8021197278732213
2024-12-02 15:30:00+00:00,1.7811059325572123
2024-12-02 16:30:00+00:00,1.746543699816739
2024-12-02 17:30:00+00:00,1.7470044958930504
2024-12-02 18:30:00+00:00,1.7419354094426962
2024-12-02 19:30:00+00:00,1.6853456080442668
2024-12-02 20:30:00+00:00,1.7142856671984414
2024-12-03 14:30:00+00:00,1.511612852189278
2024-12-03 15:30:00+00:00,1.5701842744824033
2024-12-03 16:30:00+00:00,1.5622119749847303
2024-12-03 17:30:00+00:00,1.5437787036182513
2024-12-03 18:30:00+00:00,1.5622119749847305
2024-12-03 19:30:00+00:00,1.5737326459846823
2024-12-03 20:30:00+00:00,1.6267280402213256
2024-12-04 14:30:00+00:00,1.5852534268549432
2024-12-04 15:30:00+00:00,1.5576036846106882
2024-12-04 16:30:00+00:00,1.5818893078610037
2024-12-04 17:30:00+00:00,1.6267280402213258
2024-12-04 18:30:00+00:00,1.6313363305953683
2024-12-04 19:30:00+00:00,1.664700427615246
2024-12-04 20:30:00+00:00,1.741935409442697
2024-12-05 14:30:00+00:00,1.6958525057022722
2024-12-05 15:30:00+00:00,1.6129031690991984
2024-12-05 16:30:00+00:00,1.6543777824655805
2024-12-05 17:30:00+00:00,1.6129031690991982
2024-12-05 18:30:00+00:00,1.5760368461068583
2024-12-05 19:30:00+00:00,1.5207372517480393
2024-12-05 20:30:00+00:00,1.5184331614961726
2024-12-06 14:30:00+00:00,1.5603225352793588
2024-12-06 15:30:00+00:00,1.5253455421220816
2024-12-06 16:30:00+00:00,1.5622119749847305
2024-12-06 17:30:00+00:00,1.5253455421220814
2024-12-06 18:30:00+00:00,1.5253455421220814
2024-12-06 19:30:00+00:00,1.5200920932930793
2024-12-06 20:30:00+00:00,1.4976957998778266
2024-12-09 14:30:00+00:00,1.4699538764442477
2024-12-09 15:30:00+00:00,1.442396315389317
2024-12-09 16:30:00+00:00,1.451612896137402
2024-12-09 17:30:00+00:00,1.434009145604531
2024-12-09 18:30:00+00:00,1.4355298605526063
2024-12-09 19:30:00+00:00,1.4746543480076144
2024-12-09 20:30:00+00:00,1.460829476885487
2024-12-10 14:30:00+00:00,1.4423963153893171
2024-12-10 15:30:00+00:00,1.4101381729007108
2024-12-10 16:30:00+00:00,1.4152073692213738
2024-12-10 17:30:00+00:00,1.4285713343968807
2024-12-10 18:30:00+00:00,1.422764908302243
2024-12-10 19:30:00+00:00,1.4286174799266975
2024-12-10 20:30:00+00:00,1.3825344663159636
2024-12-11 14:30:00+00:00,1.4423963153893176
2024-12-11 15:30:00+00:00,1.4285713343968809
2024-12-11 16:30:00+00:00,1.5194008991786128
2024-12-11 17:30:00+00:00,1.4976957998778273
2024-12-11 18:30:00+00:00,1.4423963153893173
2024-12-11 19:30:00+00:00,1.4436866322992368
2024-12-11 20:30:00+00:00,1.489446956812182
2024-12-12 14:30:00+00:00,1.4285713343968809
2024-12-12 15:30:00+00:00,1.46543776725953
2024-12-12 16:30:00+00:00,1.474654348007615
2024-12-12 18:30:00+00:00,1.4613824541511233
2024-12-12 19:30:00+00:00,1.5437787036182526
2024-12-12 20:30:00+00:00,1.5023040902518703
2024-12-13 14:30:00+00:00,1.5184331614961737
2024-12-13 15:30:00+00:00,1.5161289613739979
2024-12-13 16:30:00+00:00,1.5622119749847319
2024-12-13 17:30:00+00:00,1.5207372517480404
2024-12-13 18:30:00+00:00,1.497695799877828
2024-12-13 19:30:00+00:00,1.5506911941144712
2024-12-13 20:30:00+00:00,1.5668202653587746
2024-12-16 14:30:00+00:00,1.5944700076030296
2024-12-16 15:30:00+00:00,1.5944700076030296
2024-12-16 16:30:00+00:00,1.608294878725157
2024-12-16 17:30:00+00:00,1.5941934640350572
2024-12-16 18:30:00+00:00,1.6359446209694122
2024-12-16 19:30:00+00:00,1.6267280402213273
2024-12-16 20:30:00+00:00,1.6221197498472848
2024-12-17 14:30:00+00:00,1.6129031690991997
2024-12-17 15:30:00+00:00,1.529953832496126
2024-12-17 16:30:00+00:00,1.539170413244211
2024-12-17 17:30:00+00:00,1.5437787036182533
2024-12-17 18:30:00+00:00,1.5437787036182533
2024-12-17 19:30:00+00:00,1.5711059765053372
2024-12-17 20:30:00+00:00,1.5867281061435123
2024-12-18 14:30:00+00:00,1.6728110538320609
2024-12-18 15:30:00+00:00,1.6774193442061034
2024-12-18 16:30:00+00:00,1.6682026535877092
2024-12-18 17:30:00+00:00,1.6912442153282308
2024-12-18 18:30:00+00:00,1.702811031857999
2024-12-18 19:30:00+00:00,1.6244239499694602
2024-12-18 20:30:00+00:00,1.5898617172289868
2024-12-19 14:30:00+00:00,1.5362672001968916
2024-12-19 15:30:00+00:00,1.543778703618253
2024-12-19 16:30:00+00:00,1.5529952843663382
2024-12-19 17:30:00+00:00,1.580645136480902
2024-12-19 18:30:00+00:00,1.6036865883511147
2024-12-19 19:30:00+00:00,1.6202764556717295
2024-12-19 20:30:00+00:00,1.6405529113434547
2024-12-20 14:30:00+00:00,1.626543677842679
2024-12-20 15:30:00+00:00,1.5792626383816586
2024-12-20 16:30:00+00:00,1.5807373176702262
2024-12-20 17:30:00+00:00,1.527327163016779
2024-12-20 18:30:00+00:00,1.5529952843663382
2024-12-20 19:30:00+00:00,1.608709639141961
2024-12-20 20:30:00+00:00,1.5569584162854209
2024-12-23 14:30:00+00:00,1.5023040902518707
2024-12-23 15:30:00+00:00,1.463041385948031
2024-12-23 16:30:00+00:00,1.433225770300741
2024-12-23 17:30:00+00:00,1.4607833313556717
2024-12-23 18:30:00+00:00,1.4354838248931001
2024-12-23 19:30:00+00:00,1.4285713343968818
2024-12-24 14:30:00+00:00,1.4644700295770912
2024-12-24 15:30:00+00:00,1.4700460576335732
2024-12-24 16:30:00+00:00,1.5069123806259133
2024-12-26 14:30:00+00:00,1.5391704132442108
2024-12-26 15:30:00+00:00,1.566359359412154
2024-12-26 16:30:00+00:00,1.5691243556106413
2024-12-26 17:30:00+00:00,1.6543777824655819
2024-12-26 18:30:00+00:00,1.718893957572486
2024-12-26 19:30:00+00:00,1.7373271190686561
2024-12-26 20:30:00+00:00,1.7947004056411862
2024-12-27 14:30:00+00:00,1.6635943632136672
2024-12-27 15:30:00+00:00,1.6912442153282314
2024-12-27 16:30:00+00:00,1.672764908302245
2024-12-27 17:30:00+00:00,1.6565898013984341
2024-12-27 18:30:00+00:00,1.6129031690992002
2024-12-27 19:30:00+00:00,1.6820736702396544
2024-12-27 20:30:00+00:00,1.6166819386396347
2024-12-30 14:30:00+00:00,1.6313363305953703
2024-12-30 15:30:00+00:00,1.6129492047587077
2024-12-30 16:30:00+00:00,1.6405529113434552
2024-12-30 17:30:00+00:00,1.6129031690992002
2024-12-30 18:30:00+00:00,1.5806451364809027
2024-12-30 19:30:00+00:00,1.5723501478854407
2024-12-30 20:30:00+00:00,1.5714285557328176
2024-12-31 14:30:00+00:00,1.5737326459846845
2024-12-31 15:30:00+00:00,1.5345621228701687
2024-12-31 16:30:00+00:00,1.5545621448442304
2024-12-31 17:30:00+00:00,1.5622119749847325
2024-12-31 18:30:00+00:00,1.5576497202701975
2024-12-31 19:30:00+00:00,1.5392165587740274
2024-12-31 20:30:00+00:00,1.5161289613739983
2025-01-02 14:30:00+00:00,1.6001842525083434
2025-01-02 15:30:00+00:00,1.5849308476274648
2025-01-02 16:30:00+00:00,1.6129031690991997
2025-01-02 17:30:00+00:00,1.6059906786029816
2025-01-02 18:30:00+00:00,1.5980183791053086
2025-01-02 19:30:00+00:00,1.6067741637770823
2025-01-02 20:30:00+00:00,1.6520736922137158
2025-01-03 14:30:00+00:00,1.6520736922137158
2025-01-03 15:30:00+00:00,1.7096773768244014
2025-01-03 16:30:00+00:00,1.6682487991175263
2025-01-03 17:30:00+00:00,1.758064480687002
2025-01-03 18:30:00+00:00,1.751151990190784
2025-01-03 19:30:00+00:00,1.7119814670762683
2025-01-03 20:30:00+00:00,1.698156595954141
2025-01-06 14:30:00+00:00,1.6543777824655828
2025-01-06 15:30:00+00:00,1.7188478120426705
2025-01-06 16:30:00+00:00,1.6866359249541896
2025-01-06 17:30:00+00:00,1.6886635815083928
2025-01-06 18:30:00+00:00,1.691336396517556
2025-01-06 19:30:00+00:00,1.6866359249541896
2025-01-06 20:30:00+00:00,1.6728110538320622
2025-01-07 14:30:00+00:00,1.6428571114656314
2025-01-07 15:30:00+00:00,1.6036865883511155
2025-01-07 16:30:00+00:00,1.566866301018283
2025-01-07 17:30:00+00:00,1.5898617172289882
2025-01-07 18:30:00+00:00,1.6082948787251583
2025-01-07 20:30:00+00:00,1.5714285557328185
2025-01-08 14:30:00+00:00,1.5069585261557312
2025-01-08 15:30:00+00:00,1.5119814670762686
2025-01-08 17:30:00+00:00,1.557327141042719
2025-01-08 18:30:00+00:00,1.5207372517480422
2025-01-08 19:30:00+00:00,1.5437787036182546
2025-01-08 20:30:00+00:00,1.5622119749847339
2025-01-10 14:30:00+00:00,1.5207372517480424
2025-01-10 15:30:00+00:00,1.5576036846106915
2025-01-10 16:30:00+00:00,1.5821197058991627
2025-01-10 17:30:00+00:00,1.580645136480904
2025-01-10 18:30:00+00:00,1.5668202653587764
2025-01-10 19:30:00+00:00,1.5755299045007332
2025-01-10 20:30:00+00:00,1.5668202653587762
2025-01-13 14:30:00+00:00,1.5938248491480713
2025-01-13 15:30:00+00:00,1.6175114594732436
2025-01-13 16:30:00+00:00,1.5186174140045146
2025-01-13 17:30:00+00:00,1.557603684610691
2025-01-13 18:30:00+00:00,1.58294922673277
2025-01-13 19:30:00+00:00,1.6129031690992008
2025-01-13 20:30:00+00:00,1.6175114594732434
2025-01-14 14:30:00+00:00,1.6313363305953708
2025-01-14 15:30:00+00:00,1.6774193442061047
2025-01-14 16:30:00+00:00,1.6267280402213282
2025-01-14 17:30:00+00:00,1.656681982587759
2025-01-14 18:30:00+00:00,1.691705011404544
2025-01-14 19:30:00+00:00,1.6451612017174984
2025-01-14 20:30:00+00:00,1.6497694920915411
2025-01-15 14:30:00+00:00,1.668202653587711
2025-01-15 15:30:00+00:00,1.640552911343456
2025-01-15 16:30:00+00:00,1.640552911343456
2025-01-15 17:30:00+00:00,1.6497234564320336
2025-01-15 18:30:00+00:00,1.6405068756839487
2025-01-15 19:30:00+00:00,1.668202653587711
2025-01-15 20:30:00+00:00,1.6543777824655836
2025-01-16 14:30:00+00:00,1.6497694920915411
2025-01-16 15:30:00+00:00,1.624423949969462
2025-01-16 16:30:00+00:00,1.6456221076641193
2025-01-16 17:30:00+00:00,1.6774193442061052
2025-01-16 18:30:00+00:00,1.6543777824655836
2025-01-16 20:30:00+00:00,1.6543777824655836
2025-01-17 14:30:00+00:00,1.658986072839626
2025-01-17 15:30:00+00:00,1.631336330595371
2025-01-17 16:30:00+00:00,1.631336330595371
2025-01-17 17:30:00+00:00,1.6589400371801184
2025-01-17 18:30:00+00:00,1.677419344206105
2025-01-17 19:30:00+00:00,1.6648386444640806
2025-01-17 20:30:00+00:00,1.7142856671984452
2025-01-21 14:30:00+00:00,1.7327188286946151
2025-01-21 15:30:00+00:00,1.716589757450312
2025-01-21 16:30:00+00:00,1.746543699816743
2025-01-21 17:30:00+00:00,1.7097234124839105
2025-01-21 18:30:00+00:00,1.735760258590766
2025-01-21 19:30:00+00:00,1.6820276345801481
2025-01-21 20:30:00+00:00,1.7235022479465305
2025-01-22 14:30:00+00:00,1.608294878725159
2025-01-22 15:30:00+00:00,1.6129031690992013
2025-01-22 16:30:00+00:00,1.6290322403435045
2025-01-22 17:30:00+00:00,1.6405529113434563
2025-01-22 18:30:00+00:00,1.6313363305953712
2025-01-22 19:30:00+00:00,1.6444238620732148
2025-01-22 20:30:00+00:00,1.6313363305953712
2025-01-23 14:30:00+00:00,1.5921658074808553
2025-01-23 15:30:00+00:00,1.5943317907541996
2025-01-23 16:30:00+00:00,1.6082948787251585
2025-01-23 17:30:00+00:00,1.6313363305953712
2025-01-23 18:30:00+00:00,1.6519354753648854
2025-01-23 19:30:00+00:00,1.6382488210915895
2025-01-23 20:30:00+00:00,1.6313363305953712
2025-01-24 14:30:00+00:00,1.6129031690992013
2025-01-24 15:30:00+00:00,1.5622119749847339
2025-01-24 16:30:00+00:00,1.5529952843663397
2025-01-24 17:30:00+00:00,1.5529952843663397
2025-01-24 18:30:00+00:00,1.5828110098839387
2025-01-24 19:30:00+00:00,1.5576036846106913
2025-01-24 20:30:00+00:00,1.5483869939922974
2025-01-27 14:30:00+00:00,1.5437787036182549
2025-01-27 15:30:00+00:00,1.5207372517480424
2025-01-27 16:30:00+00:00,1.5023040902518723
2025-01-27 17:30:00+00:00,1.5023040902518723
2025-01-27 18:30:00+00:00,1.4700460576335748
2025-01-27 19:30:00+00:00,1.4930875095037872
2025-01-27 20:30:00+00:00,1.4977879810671537
2025-01-28 14:30:00+00:00,1.5438248491480713
2025-01-28 15:30:00+00:00,1.5529952843663395
2025-01-28 16:30:00+00:00,1.5253916876519011
2025-01-28 17:30:00+00:00,1.5253916876519011
2025-01-28 18:30:00+00:00,1.5314745474442024
2025-01-28 19:30:00+00:00,1.5529952843663397
2025-01-29 16:30:00+00:00,1.5866359249541901
2025-01-29 17:30:00+00:00,1.5576036846106915
2025-01-29 18:30:00+00:00,1.53456212287017
2025-01-29 19:30:00+00:00,1.5023040902518725
2025-01-30 14:30:00+00:00,1.5211520121648465
2025-01-30 15:30:00+00:00,1.5023040902518725
2025-01-30 16:30:00+00:00,1.5131797126671735
2025-01-30 17:30:00+00:00,1.520276455671731
2025-01-30 18:30:00+00:00,1.5115206709999573
2025-01-30 19:30:00+00:00,1.5115206709999573
2025-01-30 20:30:00+00:00,1.511566816529774
2025-01-31 14:30:00+00:00,1.5161289613739999
2025-01-31 15:30:00+00:00,1.5023040902518723
2025-01-31 16:30:00+00:00,1.5161289613739997
2025-01-31 18:30:00+00:00,1.5161289613739997
2025-01-31 19:30:00+00:00,1.476958438259484
2025-01-31 20:30:00+00:00,1.4959446868915989
2025-02-03 14:30:00+00:00,1.3856681872717498
2025-02-03 15:30:00+00:00,1.4055298825266709
2025-02-03 16:30:00+00:00,1.4597234124839096
2025-02-03 17:30:00+00:00,1.44239631538932
2025-02-03 20:30:00+00:00,1.4193547536487985
2025-02-04 14:30:00+00:00,1.4313363305953708
2025-02-04 15:30:00+00:00,1.44239631538932
2025-02-04 16:30:00+00:00,1.5023040902518725
2025-02-04 17:30:00+00:00,1.4286174799267002
2025-02-04 19:30:00+00:00,1.4423963153893202
2025-02-04 20:30:00+00:00,1.4700460576335752
2025-02-05 14:30:00+00:00,1.4470046057633628
2025-02-05 15:30:00+00:00,1.4286174799267004
2025-02-05 17:30:00+00:00,1.4147464632747564
2025-02-05 18:30:00+00:00,1.3827188286946146
2025-02-05 19:30:00+00:00,1.3686635595343313
2025-02-05 20:30:00+00:00,1.3640552691602887
2025-02-06 14:30:00+00:00,1.4193547536487987
2025-02-06 15:30:00+00:00,1.3686635595343313
2025-02-06 16:30:00+00:00,1.3686635595343313
2025-02-06 17:30:00+00:00,1.370783397277859
2025-02-06 18:30:00+00:00,1.3732257043785574
2025-02-06 19:30:00+00:00,1.3917050114045442
2025-02-06 20:30:00+00:00,1.4000000000000061
2025-02-07 14:30:00+00:00,1.3691243556106432
2025-02-07 15:30:00+00:00,1.4054838468671642
2025-02-07 17:30:00+00:00,1.414101304819797
2025-02-07 18:30:00+00:00,1.3917050114045444
2025-02-07 19:30:00+00:00,1.3917050114045444
2025-02-07 20:30:00+00:00,1.396313301778587
2025-02-10 14:30:00+00:00,1.3856681872717507
2025-02-10 16:30:00+00:00,1.3640552691602894
2025-02-10 17:30:00+00:00,1.3795852176091405
2025-02-10 19:30:00+00:00,1.3364055269160344
2025-02-10 20:30:00+00:00,1.3548386884122043
2025-02-11 14:30:00+00:00,1.3640552691602892
2025-02-11 15:30:00+00:00,1.299539094053385
2025-02-11 16:30:00+00:00,1.3018432941755609
2025-02-11 18:30:00+00:00,1.3133639651755125
2025-02-11 19:30:00+00:00,1.343133545163295
2025-02-11 20:30:00+00:00,1.2921658074808553
2025-02-12 14:30:00+00:00,1.2903225133053002
2025-02-12 15:30:00+00:00,1.3391704132442124
2025-02-12 16:30:00+00:00,1.3408754905709357
2025-02-12 17:30:00+00:00,1.3291244215328284
2025-02-12 18:30:00+00:00,1.3180184010793716
2025-02-12 19:30:00+00:00,1.313410110705329
2025-02-13 15:30:00+00:00,1.345622107664119
2025-02-13 20:30:00+00:00,1.3686635595343317
2025-02-14 14:30:00+00:00,1.3933640530717601
2025-02-14 15:30:00+00:00,1.4009215921526292
2025-02-14 18:30:00+00:00,1.376912402599977
2025-02-14 19:30:00+00:00,1.4009215921526292
2025-02-14 20:30:00+00:00,1.3824884306564593
2025-02-18 14:30:00+00:00,1.3620736482655935
2025-02-18 15:30:00+00:00,1.3640552691602896
2025-02-18 16:30:00+00:00,1.3502303980381622
2025-02-18 17:30:00+00:00,1.3640552691602896
2025-02-18 18:30:00+00:00,1.373225704378558
2025-02-18 19:30:00+00:00,1.3663593594121564
2025-02-18 20:30:00+00:00,1.3382488210915897
2025-02-19 14:30:00+00:00,1.350230398038162
2025-02-19 15:30:00+00:00,1.3824884306564595
2025-02-19 18:30:00+00:00,1.3963133017785871
2025-02-19 19:30:00+00:00,1.3963133017785871
2025-02-19 20:30:00+00:00,1.3963133017785871
2025-02-20 14:30:00+00:00,1.4654377672595336
2025-02-20 15:30:00+00:00,1.4101381729007145
2025-02-20 16:30:00+00:00,1.4746543480076186
2025-02-20 17:30:00+00:00,1.4884792191297462
2025-02-20 18:30:00+00:00,1.4285713343968847
2025-02-20 19:30:00+00:00,1.4308755345190605
2025-02-20 20:30:00+00:00,1.4400921152671455
2025-02-21 14:30:00+00:00,1.448525320711439
2025-02-21 16:30:00+00:00,1.4147464632747573
2025-02-21 17:30:00+00:00,1.3778801402824172
2025-02-21 18:30:00+00:00,1.3502303980381622
2025-02-21 19:30:00+00:00,1.4285713343968849
2025-02-21 20:30:00+00:00,1.3548386884122048
2025-02-24 16:30:00+00:00,1.3641013048197972
2025-02-24 19:30:00+00:00,1.3456221076641195
2025-02-24 20:30:00+00:00,1.3198156595954196
2025-02-25 14:30:00+00:00,1.338709617167901
2025-02-25 15:30:00+00:00,1.3364055269160342
2025-02-25 16:30:00+00:00,1.3317972365419917
2025-02-25 17:30:00+00:00,1.3225805459235975
2025-02-25 19:30:00+00:00,1.2903225133053
2025-02-25 20:30:00+00:00,1.2926267134274758
2025-02-26 16:30:00+00:00,1.3271889461679491
2025-02-26 17:30:00+00:00,1.3011059545312769
2025-02-26 18:30:00+00:00,1.3050690864503596
2025-02-26 20:30:00+00:00,1.317972255549555
2025-02-27 14:30:00+00:00,1.2764976421831724
2025-02-27 15:30:00+00:00,1.30875567480147
2025-02-27 16:30:00+00:00,1.3151151880320526
2025-02-27 19:30:00+00:00,1.4078340826488474
2025-02-28 14:30:00+00:00,1.382488430656459
2025-02-28 15:30:00+00:00,1.3778801402824166
2025-02-28 20:30:00+00:00,1.373271849908374
2025-03-03 14:30:00+00:00,1.373271849908374
2025-03-03 15:30:00+00:00,1.3594469787862464
2025-03-03 16:30:00+00:00,1.34705064142287
2025-03-03 18:30:00+00:00,1.389400921152677
2025-03-03 19:30:00+00:00,1.3594469787862462
2025-03-04 14:30:00+00:00,1.3317972365419912
2025-03-04 15:30:00+00:00,1.3317972365419912
2025-03-04 16:30:00+00:00,1.3317972365419912
2025-03-04 17:30:00+00:00,1.3548386884122037
2025-03-04 18:30:00+00:00,1.3502303980381611
2025-03-04 19:30:00+00:00,1.3387096171679003
2025-03-04 20:30:00+00:00,1.3179722555495543
2025-03-05 14:30:00+00:00,1.2903225133052993
2025-03-05 16:30:00+00:00,1.3179722555495543
2025-03-05 18:30:00+00:00,1.2949308036793419
2025-03-05 19:30:00+00:00,1.3133639651755118
2025-03-05 20:30:00+00:00,1.2838709287557017
2025-03-06 16:30:00+00:00,1.3364055269160333
2025-03-06 17:30:00+00:00,1.3761290272961848
2025-03-06 19:30:00+00:00,1.3364055269160335
2025-03-06 20:30:00+00:00,1.3179722555495545
2025-03-07 14:30:00+00:00,1.2951612017174978
2025-03-07 15:30:00+00:00,1.300322579227485
2025-03-07 17:30:00+00:00,1.2967740978548972
2025-03-07 18:30:00+00:00,1.3271889461679487
2025-03-10 13:30:00+00:00,1.2764976421831722
2025-03-10 14:30:00+00:00,1.3173270970945947
2025-03-10 15:30:00+00:00,1.3318432722014986
2025-03-10 16:30:00+00:00,1.359446978786246
2025-03-10 17:30:00+00:00,1.3456221076641186
2025-03-10 18:30:00+00:00,1.345575962134302
2025-03-10 19:30:00+00:00,1.2903225133052996
2025-03-11 13:30:00+00:00,1.2672810614350871
2025-03-11 14:30:00+00:00,1.285714222931257
2025-03-11 15:30:00+00:00,1.2852994625144532
2025-03-11 18:30:00+00:00,1.2857142229312573
2025-03-11 19:30:00+00:00,1.2857142229312573
2025-03-12 13:30:00+00:00,1.2857142229312573
2025-03-12 14:30:00+00:00,1.3133639651755125
2025-03-12 16:30:00+00:00,1.2832257703007424
2025-03-12 17:30:00+00:00,1.2811059325572147
2025-03-12 18:30:00+00:00,1.2908754905709354
2025-03-13 13:30:00+00:00,1.2994930583938773
2025-03-13 14:30:00+00:00,1.293824849148071
2025-03-13 15:30:00+00:00,1.3732718499083738
2025-03-13 16:30:00+00:00,1.3502303980381614
2025-03-13 17:30:00+00:00,1.293087509503787
2025-03-13 18:30:00+00:00,1.3456221076641188
2025-03-13 19:30:00+00:00,1.3548386884122037
2025-03-14 14:30:00+00:00,1.3171888802457632
2025-03-14 15:30:00+00:00,1.3087556748014697
2025-03-14 17:30:00+00:00,1.322580545923597
2025-03-14 18:30:00+00:00,1.3456681433236262
2025-03-14 19:30:00+00:00,1.3686635595343313
2025-03-17 13:30:00+00:00,1.3640552691602887
2025-03-17 14:30:00+00:00,1.3870967210305014
2025-03-17 15:30:00+00:00,1.3847926307786347
2025-03-17 16:30:00+00:00,1.3917050114045437
2025-03-17 17:30:00+00:00,1.3640552691602887
2025-03-17 19:30:00+00:00,1.3686635595343313
2025-03-18 13:30:00+00:00,1.3684791971556831
2025-03-18 15:30:00+00:00,1.3778801402824163
2025-03-18 16:30:00+00:00,1.3778801402824163
2025-03-18 19:30:00+00:00,1.3944700076030312
2025-03-19 13:30:00+00:00,1.4055298825266715
2025-03-19 14:30:00+00:00,1.3870967210305016
2025-03-19 15:30:00+00:00,1.3922119530106722
2025-03-19 16:30:00+00:00,1.400921592152629
2025-03-19 17:30:00+00:00,1.4055298825266715
2025-03-19 18:30:00+00:00,1.410138172900714
2025-03-20 13:30:00+00:00,1.411290272961802
2025-03-20 15:30:00+00:00,1.4654838029190407
2025-03-20 16:30:00+00:00,1.4470046057633632
2025-03-20 19:30:00+00:00,1.410138172900714
2025-03-21 16:30:00+00:00,1.4105990788473346
2025-03-21 17:30:00+00:00,1.4194008991786156
2025-03-24 13:30:00+00:00,1.4172810614350881
2025-03-24 14:30:00+00:00,1.410138172900714
2025-03-24 15:30:00+00:00,1.3922579886701796
2025-03-24 16:30:00+00:00,1.3829492267327705
2025-03-24 17:30:00+00:00,1.382488430656459
2025-03-24 18:30:00+00:00,1.354930869601528
2025-03-24 19:30:00+00:00,1.3594469787862467
2025-03-25 13:30:00+00:00,1.428571334396884
2025-03-25 14:30:00+00:00,1.3588478559907942
2025-03-25 15:30:00+00:00,1.3642396315389371
2025-03-25 16:30:00+00:00,1.3778801402824163
2025-03-25 17:30:00+00:00,1.3870967210305014
2025-03-26 13:30:00+00:00,1.4285252987373764
2025-03-26 14:30:00+00:00,1.4052073032991916
2025-03-26 15:30:00+00:00,1.391705011404544
2025-03-26 18:30:00+00:00,1.4009215921526288
2025-03-26 19:30:00+00:00,1.4009215921526288
2025-03-27 13:30:00+00:00,1.3548847240717112
2025-03-27 16:30:00+00:00,1.3456221076641188
2025-03-27 18:30:00+00:00,1.3778801402824163
2025-03-27 19:30:00+00:00,1.4032257922748046
2025-03-28 13:30:00+00:00,1.4147464632747564
2025-03-28 14:30:00+00:00,1.3778801402824163
2025-03-28 15:30:00+00:00,1.3778801402824163
2025-03-28 16:30:00+00:00,1.37686625707016
2025-03-28 17:30:00+00:00,1.3824884306564589
2025-03-28 18:30:00+00:00,1.3824884306564589
2025-03-28 19:30:00+00:00,1.4055298825266713
2025-03-31 14:30:00+01:00,1.3456221076641188
2025-03-31 18:30:00+01:00,1.3824884306564589
2025-03-31 20:30:00+01:00,1.3502303980381614
2025-04-01 14:30:00+01:00,1.425437723311409
2025-04-01 16:30:00+01:00,1.3824884306564587
2025-04-02 14:30:00+01:00,1.3473732206503497
2025-04-02 17:30:00+01:00,1.3456221076641186
2025-04-02 18:30:00+01:00,1.3464976641572342
2025-04-03 15:30:00+01:00,1.3294930364198152
2025-04-03 18:30:00+01:00,1.3225805459235969
2025-04-03 19:30:00+01:00,1.3257142668793809
2025-04-04 14:30:00+01:00,1.2423963153893194
2025-04-04 15:30:00+01:00,1.2903225133052996
2025-04-04 16:30:00+01:00,1.258064480687002
2025-04-04 17:30:00+01:00,1.2770506194488076
2025-04-04 18:30:00+01:00,1.248847899938917
2025-04-04 19:30:00+01:00,1.3260368461068606
2025-04-04 20:30:00+01:00,1.2811059325572145
2025-04-07 14:30:00+01:00,1.2718893518091294
2025-04-07 16:30:00+01:00,1.2626727710610446
2025-04-07 19:30:00+01:00,1.1958525057022737
2025-04-08 14:30:00+01:00,1.211981576946577
2025-04-08 15:30:00+01:00,1.3034100447831432
2025-04-08 16:30:00+01:00,1.2350230288167896
2025-04-08 17:30:00+01:00,1.2329492267327695
2025-04-08 18:30:00+01:00,1.2165898673206197
2025-04-08 19:30:00+01:00,1.1981565959541407
2025-04-09 14:30:00+01:00,1.1982487771434647
2025-04-09 18:30:00+01:00,1.2119815769465772
2025-04-09 19:30:00+01:00,1.2188939575724862
2025-04-09 20:30:00+01:00,1.2183870159663581
2025-04-10 14:30:00+01:00,1.3271889461679485
2025-04-10 16:30:00+01:00,1.292442351048827
2025-04-10 18:30:00+01:00,1.2788018423053478
2025-04-10 19:30:00+01:00,1.2788018423053478
2025-04-11 14:30:00+01:00,1.331797236541991
2025-04-11 15:30:00+01:00,1.331797236541991
2025-04-14 14:30:00+01:00,1.2903225133052996
2025-04-14 16:30:00+01:00,1.3041473844274272
2025-04-15 15:30:00+01:00,1.2629031690992005
2025-04-15 17:30:00+01:00,1.2488478999389172
2025-04-15 18:30:00+01:00,1.2488478999389172
2025-04-15 20:30:00+01:00,1.2484791751816207
2025-04-16 14:30:00+01:00,1.2672810614350871
2025-04-16 15:30:00+01:00,1.2626727710610446
2025-04-16 16:30:00+01:00,1.2672810614350871
2025-04-16 18:30:00+01:00,1.258064480687002
2025-04-16 19:30:00+01:00,1.2373271190686563
2025-04-16 20:30:00+01:00,1.2334101326793903
2025-04-17 14:30:00+01:00,1.2811059325572147
2025-04-17 15:30:00+01:00,1.2810598968977072
2025-04-17 16:30:00+01:00,1.2764976421831722
2025-04-17 17:30:00+01:00,1.255898607283967
2025-04-17 18:30:00+01:00,1.2672810614350871
2025-04-21 17:30:00+01:00,1.2672810614350871
2025-04-21 18:30:00+01:00,1.341013817290076
2025-04-21 19:30:00+01:00,1.313456146364836
2025-04-21 20:30:00+01:00,1.3064515845496025
2025-04-22 15:30:00+01:00,1.3041473844274267
2025-04-22 16:30:00+01:00,1.2956221076641181
2025-04-23 14:30:00+01:00,1.3133639651755116
2025-04-23 15:30:00+01:00,1.3133639651755116
2025-04-23 18:30:00+01:00,1.2972350038015175
2025-04-24 14:30:00+01:00,1.2718893518091292
2025-04-24 15:30:00+01:00,1.2672810614350867
2025-04-24 16:30:00+01:00,1.2562211865114465
2025-04-24 17:30:00+01:00,1.294101282845734
2025-04-24 19:30:00+01:00,1.2770967649786242
2025-04-25 20:30:00+01:00,1.285714222931257
2025-04-28 14:30:00+01:00,1.3456221076641184
2025-04-28 15:30:00+01:00,1.3317972365419908
2025-04-28 17:30:00+01:00,1.3276957779037672
2025-04-28 20:30:00+01:00,1.329769579987787
2025-04-29 15:30:00+01:00,1.3571427786640697
2025-04-29 18:30:00+01:00,1.3433179075419424
2025-04-30 14:30:00+01:00,1.3166819386396347
2025-04-30 15:30:00+01:00,1.2672810614350867
2025-04-30 17:30:00+01:00,1.2635483275541597
2025-04-30 18:30:00+01:00,1.2440092115267185
2025-04-30 19:30:00+01:00,1.2396313191908317
2025-05-01 14:30:00+01:00,1.2396313191908317
2025-05-01 15:30:00+01:00,1.2212902290136767
2025-05-01 16:30:00+01:00,1.2992626603557207
2025-05-01 17:30:00+01:00,1.2959907225511051
2025-05-01 19:30:00+01:00,1.2811059325572138
2025-05-01 20:30:00+01:00,1.290322513305299
2025-05-02 14:30:00+01:00,1.4271888362976393
2025-05-02 15:30:00+01:00,1.3594469787862453
2025-05-02 18:30:00+01:00,1.3646082464259235
2025-05-02 19:30:00+01:00,1.4193547536487978
2025-05-02 20:30:00+01:00,1.4101381729007127
2025-05-05 14:30:00+01:00,1.3663593594121546
2025-05-05 16:30:00+01:00,1.3755759401602397
2025-05-05 17:30:00+01:00,1.3735944291358528
2025-05-05 18:30:00+01:00,1.382488430656458
2025-05-05 19:30:00+01:00,1.410138172900713
2025-05-05 20:30:00+01:00,1.4032257922748037
2025-05-06 14:30:00+01:00,1.3668663010182829
2025-05-06 15:30:00+01:00,1.364055269160288
2025-05-06 18:30:00+01:00,1.3870967210305007
2025-05-06 20:30:00+01:00,1.3703686368610544
2025-05-07 14:30:00+01:00,1.3963133017785858
2025-05-07 15:30:00+01:00,1.4009215921526281
2025-05-07 16:30:00+01:00,1.3800921592152673
2025-05-07 18:30:00+01:00,1.3870967210305005
2025-05-07 20:30:00+01:00,1.3870967210305005
2025-05-08 14:30:00+01:00,1.4239170083633328
2025-05-08 15:30:00+01:00,1.4193547536487978
2025-05-08 17:30:00+01:00,1.400921592152628
2025-05-08 18:30:00+01:00,1.3963133017785854
2025-05-08 19:30:00+01:00,1.3917050114045428
2025-05-09 15:30:00+01:00,1.3963133017785854
2025-05-09 16:30:00+01:00,1.391797192593867
2025-05-12 14:30:00+01:00,1.456221186511447
2025-05-12 15:30:00+01:00,1.4377879151449677
2025-05-12 16:30:00+01:00,1.465437767259532
2025-05-12 17:30:00+01:00,1.4976957998778293
2025-05-12 19:30:00+01:00,1.468755740723655
2025-05-12 20:30:00+01:00,1.4976957998778293
2025-05-13 14:30:00+01:00,1.5747925648564487
2025-05-13 15:30:00+01:00,1.5717049894304815
2025-05-13 16:30:00+01:00,1.5714285557328183
2025-05-13 17:30:00+01:00,1.6082948787251583
2025-05-13 18:30:00+01:00,1.6221197498472857
2025-05-13 19:30:00+01:00,1.6230414518702176
2025-05-13 20:30:00+01:00,1.6221197498472855
2025-05-14 14:30:00+01:00,1.645161201717498
2025-05-14 15:30:00+01:00,1.6267280402213278
2025-05-14 16:30:00+01:00,1.5121197937954085
2025-05-14 17:30:00+01:00,1.5529952843663386
2025-05-14 18:30:00+01:00,1.6359446209694126
2025-05-14 19:30:00+01:00,1.6013823882289393
2025-05-14 20:30:00+01:00,1.603686588351115
2025-05-15 14:30:00+01:00,1.5753455421220837
2025-05-15 16:30:00+01:00,1.6912442153282314
2025-05-15 17:30:00+01:00,1.6153455860702073
2025-05-15 18:30:00+01:00,1.6405529113434547
2025-05-15 19:30:00+01:00,1.6434561243907737
2025-05-16 14:30:00+01:00,1.6359446209694122
2025-05-16 15:30:00+01:00,1.638248821091588
2025-05-16 16:30:00+01:00,1.6592165807480894
2025-05-16 17:30:00+01:00,1.6635943632136672
2025-05-16 18:30:00+01:00,1.6651151880320516
2025-05-16 19:30:00+01:00,1.636405526916033
2025-05-19 14:30:00+01:00,1.5898617172289873
2025-05-19 15:30:00+01:00,1.6313363305953696
2025-05-19 17:30:00+01:00,1.6153916217297146
2025-05-19 20:30:00+01:00,1.589861717228987
2025-05-20 14:30:00+01:00,1.672811053832061
2025-05-20 16:30:00+01:00,1.5945621887923538
2025-05-20 19:30:00+01:00,1.6082948787251572
2025-05-20 20:30:00+01:00,1.5898617172289873
2025-05-21 20:30:00+01:00,1.601382388228939
2025-05-22 14:30:00+01:00,1.5898617172289875
2025-05-22 15:30:00+01:00,1.6129031690992
2025-05-22 16:30:00+01:00,1.5990782979770726
2025-05-22 17:30:00+01:00,1.6082948787251574
2025-05-22 18:30:00+01:00,1.57603684610686
2025-05-22 20:30:00+01:00,1.571474591392325
2025-05-23 15:30:00+01:00,1.55760368461069
2025-05-23 16:30:00+01:00,1.5472810394610246
2025-05-27 14:30:00+01:00,1.592165807480854
2025-05-27 15:30:00+01:00,1.574055225212164
2025-05-27 16:30:00+01:00,1.6129031690991997
2025-05-27 17:30:00+01:00,1.5668202653587748
2025-05-27 18:30:00+01:00,1.5437787036182533
2025-05-28 14:30:00+01:00,1.5780645026610634
2025-05-28 15:30:00+01:00,1.6082948787251572
2025-05-28 16:30:00+01:00,1.5898617172289873
2025-05-28 17:30:00+01:00,1.6082948787251574
2025-05-28 20:30:00+01:00,1.585253426854945
2025-05-29 14:30:00+01:00,1.6036865883511149
2025-05-29 15:30:00+01:00,1.5945160432625374
2025-05-29 18:30:00+01:00,1.5944700076030298
2025-05-29 19:30:00+01:00,1.6049769052610343
2025-05-29 20:30:00+01:00,1.5944700076030298
2025-05-30 16:30:00+01:00,1.6244239499694604
2025-05-30 17:30:00+01:00,1.610184318430529
2025-05-30 18:30:00+01:00,1.6083409143846645
2025-05-30 19:30:00+01:00,1.6262210986151988
2025-06-02 14:30:00+01:00,1.599078297977072
2025-06-02 16:30:00+01:00,1.6267280402213267
2025-06-02 17:30:00+01:00,1.6313363305953692
2025-06-02 18:30:00+01:00,1.5945160432625367
2025-06-02 19:30:00+01:00,1.599078297977072
2025-06-03 15:30:00+01:00,1.576082881766367
2025-06-03 16:30:00+01:00,1.5761750629556912
2025-06-03 17:30:00+01:00,1.5760368461068595
2025-06-03 19:30:00+01:00,1.5944700076030296
2025-06-03 20:30:00+01:00,1.5760368461068597
2025-06-04 14:30:00+01:00,1.5760368461068597
2025-06-04 15:30:00+01:00,1.5760368461068597
2025-06-04 16:30:00+01:00,1.5467280621953887
2025-06-04 17:30:00+01:00,1.5622119749847323
2025-06-04 19:30:00+01:00,1.5437787036182533
2025-06-04 20:30:00+01:00,1.5506911941144716
2025-06-05 14:30:00+01:00,1.5161289613739983
2025-06-05 15:30:00+01:00,1.5241934420609955
2025-06-05 16:30:00+01:00,1.5207372517480409
2025-06-05 19:30:00+01:00,1.524055225212164
2025-06-06 14:30:00+01:00,1.585253426854945
2025-06-06 18:30:00+01:00,1.5723501478854407
2025-06-09 14:30:00+01:00,1.57396304402284
2025-06-09 16:30:00+01:00,1.5645160652365993
2025-06-09 17:30:00+01:00,1.5714285557328176
2025-06-09 18:30:00+01:00,1.5576036846106902
2025-06-09 19:30:00+01:00,1.5645160652365993
2025-06-09 20:30:00+01:00,1.5689399932319934
2025-06-10 14:30:00+01:00,1.493087509503786
2025-06-10 15:30:00+01:00,1.542580567897658
2025-06-10 16:30:00+01:00,1.5242395875908121
2025-06-10 17:30:00+01:00,1.5207372517480409
2025-06-10 18:30:00+01:00,1.5069123806259135
2025-06-10 20:30:00+01:00,1.520737251748041
2025-06-11 14:30:00+01:00,1.539170413244211
2025-06-11 16:30:00+01:00,1.5483869939922958
2025-06-11 17:30:00+01:00,1.5299538324961257
2025-06-11 18:30:00+01:00,1.5345621228701682
2025-06-11 19:30:00+01:00,1.5597234124839081
2025-06-12 14:30:00+01:00,1.580322557253422
2025-06-12 15:30:00+01:00,1.6405529113434545
2025-06-12 16:30:00+01:00,1.6405529113434545
2025-06-12 17:30:00+01:00,1.6774193442061034
2025-06-12 18:30:00+01:00,1.7327188286946131
2025-06-12 19:30:00+01:00,1.6939170303373938
2025-06-12 20:30:00+01:00,1.7188939575724855
2025-06-13 14:30:00+01:00,1.6820276345801457
2025-06-13 15:30:00+01:00,1.6774193442061034
2025-06-13 16:30:00+01:00,1.6313363305953694
2025-06-13 17:30:00+01:00,1.6129031690991995
2025-06-13 18:30:00+01:00,1.645161201717497
2025-06-13 19:30:00+01:00,1.6129031690991997
2025-06-16 14:30:00+01:00,1.5806451364809022
2025-06-16 15:30:00+01:00,1.6405529113434547
2025-06-16 16:30:00+01:00,1.6451612017174972
2025-06-16 17:30:00+01:00,1.6499998901296955
2025-06-16 18:30:00+01:00,1.6728110538320613
2025-06-16 19:30:00+01:00,1.728110538320571
2025-06-17 14:30:00+01:00,1.663594363213667
2025-06-17 16:30:00+01:00,1.6695391160274455
2025-06-17 17:30:00+01:00,1.6682026535877095
2025-06-17 19:30:00+01:00,1.6154377672595313
2025-06-17 20:30:00+01:00,1.6428571114656303
2025-06-18 14:30:00+01:00,1.6716128082411565
2025-06-18 15:30:00+01:00,1.7050690864503584
2025-06-18 19:30:00+01:00,1.6912442153282308
2025-06-18 20:30:00+01:00,1.7050229409205415
2025-06-20 14:30:00+01:00,1.5529952843663377
2025-06-20 15:30:00+01:00,1.6443317907541979
2025-06-20 16:30:00+01:00,1.7281105383205708
2025-06-20 17:30:00+01:00,1.7271888362976386
2025-06-20 18:30:00+01:00,1.7197234784060937
2025-06-20 19:30:00+01:00,1.717511459473242
2025-06-20 20:30:00+01:00,1.7188939575724858
2025-06-23 14:30:00+01:00,1.7459907225511049
2025-06-23 15:30:00+01:00,1.7373271190686557
2025-06-23 16:30:00+01:00,1.6866359249541882
2025-06-23 19:30:00+01:00,1.682027634580146
2025-06-24 14:30:00+01:00,1.7327188286946136
2025-06-24 15:30:00+01:00,1.7188939575724862
2025-06-24 16:30:00+01:00,1.7004607960763163
2025-06-24 17:30:00+01:00,1.7096773768244011
2025-06-24 18:30:00+01:00,1.718893957572486
2025-06-25 14:30:00+01:00,1.735668187271749
2025-06-25 15:30:00+01:00,1.6589860728396244
2025-06-25 16:30:00+01:00,1.6958525057022733
2025-06-25 18:30:00+01:00,1.6658985633358425
2025-06-25 19:30:00+01:00,1.6728110538320609
2025-06-25 20:30:00+01:00,1.682027634580146
2025-06-26 14:30:00+01:00,1.7142856671984434
2025-06-26 15:30:00+01:00,1.7244239499694607
2025-06-26 17:30:00+01:00,1.7235022479465285
2025-06-26 18:30:00+01:00,1.6820276345801461
2025-06-26 20:30:00+01:00,1.7096773768244011
2025-06-27 14:30:00+01:00,1.617511459473242
2025-06-27 16:30:00+01:00,1.7050690864503586
2025-06-27 17:30:00+01:00,1.7050690864503586
2025-06-27 20:30:00+01:00,1.709677376824401
2025-06-30 14:30:00+01:00,1.7050690864503584
2025-06-30 16:30:00+01:00,1.6682026535877095
2025-06-30 17:30:00+01:00,1.7050690864503584
2025-06-30 18:30:00+01:00,1.6702303101419127
2025-06-30 19:30:00+01:00,1.6843317248320127
2025-07-01 14:30:00+01:00,1.6958525057022733
2025-07-01 15:30:00+01:00,1.671566772581649
2025-07-01 20:30:00+01:00,1.6649768613129106
2025-07-02 14:30:00+01:00,1.5990782979770721
2025-07-02 16:30:00+01:00,1.6589860728396246
2025-07-03 15:30:00+01:00,1.6589860728396246
2025-07-07 14:30:00+01:00,1.6774193442061036
2025-07-07 15:30:00+01:00,1.654377782465582
2025-07-07 19:30:00+01:00,1.6705068537098855
2025-07-07 20:30:00+01:00,1.6589860728396246
2025-07-08 14:30:00+01:00,1.6589860728396246
2025-07-08 15:30:00+01:00,1.660506897658009
2025-07-08 16:30:00+01:00,1.7050690864503586
2025-07-08 18:30:00+01:00,1.6635943632136672
2025-07-08 19:30:00+01:00,1.6589860728396246
2025-07-09 14:30:00+01:00,1.6635943632136672
2025-07-09 15:30:00+01:00,1.6866359249541887
2025-07-09 18:30:00+01:00,1.6820276345801464
2025-07-10 14:30:00+01:00,1.6589860728396248
2025-07-10 15:30:00+01:00,1.6981565959541407
2025-07-10 16:30:00+01:00,1.6981565959541407
2025-07-10 17:30:00+01:00,1.6589860728396248
2025-07-10 19:30:00+01:00,1.6797234344579708
2025-07-11 14:30:00+01:00,1.6267280402213276
2025-07-11 15:30:00+01:00,1.705069086450359
2025-07-11 16:30:00+01:00,1.6866359249541891
2025-07-11 19:30:00+01:00,1.6820276345801468
2025-07-11 20:30:00+01:00,1.6820276345801468
2025-07-14 14:30:00+01:00,1.6648386444640797
2025-07-14 16:30:00+01:00,1.677419344206104
2025-07-15 14:30:00+01:00,1.6850690644762973
2025-07-15 15:30:00+01:00,1.705069086450359
2025-07-15 16:30:00+01:00,1.7032718279343115
2025-07-16 14:30:00+01:00,1.7096773768244016
2025-07-16 16:30:00+01:00,1.7067741637770826
2025-07-16 17:30:00+01:00,1.7051151221098666
2025-07-17 14:30:00+01:00,1.7165897574503108
2025-07-17 15:30:00+01:00,1.7096773768244016
2025-07-17 17:30:00+01:00,1.7096773768244016
2025-07-17 18:30:00+01:00,1.7096773768244016
2025-07-17 20:30:00+01:00,1.705069086450359
2025-07-18 15:30:00+01:00,1.707373176702226
2025-07-18 17:30:00+01:00,1.6986635375602692
2025-07-18 20:30:00+01:00,1.7050690864503595
2025-07-21 14:30:00+01:00,1.7050690864503595
2025-07-21 16:30:00+01:00,1.682027634580147
2025-07-21 18:30:00+01:00,1.654377782465583
2025-07-22 16:30:00+01:00,1.654377782465583
2025-07-22 18:30:00+01:00,1.6722579666961175
2025-07-23 14:30:00+01:00,1.682027634580147
2025-07-23 15:30:00+01:00,1.6479261979159854
2025-07-23 16:30:00+01:00,1.656681982587759
2025-07-23 19:30:00+01:00,1.658986072839626
2025-07-23 20:30:00+01:00,1.6543777824655834
2025-07-24 14:30:00+01:00,1.6520736922137167
2025-07-24 15:30:00+01:00,1.658986072839626
2025-07-24 16:30:00+01:00,1.6497694920915411
2025-07-25 14:30:00+01:00,1.668202653587711
2025-07-25 15:30:00+01:00,1.6912442153282325
2025-07-25 16:30:00+01:00,1.6958063601724584
2025-07-25 19:30:00+01:00,1.6865437437648658
2025-07-25 20:30:00+01:00,1.686221164537386
2025-07-28 14:30:00+01:00,1.6820276345801475
2025-07-28 15:30:00+01:00,1.7857142229312581
2025-07-28 16:30:00+01:00,1.7799077968366204
2025-07-28 17:30:00+01:00,1.7768662570701605
2025-07-28 18:30:00+01:00,1.776497642183173
2025-07-28 19:30:00+01:00,1.7926267134274763
2025-07-28 20:30:00+01:00,1.7972350038015188
2025-07-29 14:30:00+01:00,2.006912380625916
2025-07-29 15:30:00+01:00,1.9447002957708786
2025-07-29 16:30:00+01:00,1.9355298605526101
2025-07-29 17:30:00+01:00,1.9585252767633152
2025-07-29 18:30:00+01:00,1.972350257755752
2025-07-29 20:30:00+01:00,1.9668202653587772
2025-07-30 14:30:00+01:00,2.2788018423053504
2025-07-30 15:30:00+01:00,2.336405526916036
2025-07-30 16:30:00+01:00,2.3087557846717814
2025-07-30 17:30:00+01:00,2.281105822686908
2025-07-30 18:30:00+01:00,2.271889241938823
2025-07-30 19:30:00+01:00,2.2761750629556947
2025-07-30 20:30:00+01:00,2.340967561889953
2025-07-31 14:30:00+01:00,2.511382344280819
2025-07-31 15:30:00+01:00,2.6497694920915436
2025-07-31 16:30:00+01:00,2.691244215328235
2025-07-31 17:30:00+01:00,2.6087096391419653
2025-07-31 18:30:00+01:00,2.6267279303510223
2025-07-31 19:30:00+01:00,2.695852395831969
2025-07-31 20:30:00+01:00,2.622119749847289
2025-08-01 14:30:00+01:00,2.7769584382594874
2025-08-01 15:30:00+01:00,2.783410022809085
2025-08-01 16:30:00+01:00,2.765437657389226
2025-08-01 17:30:00+01:00,2.7880184230534364
2025-08-01 18:30:00+01:00,2.7926266035571694
2025-08-01 20:30:00+01:00,2.806451584549606
2025-08-04 14:30:00+01:00,2.451612896137407
2025-08-04 15:30:00+01:00,2.466082815844185
2025-08-04 16:30:00+01:00,2.4838708188853955
2025-08-04 17:30:00+01:00,2.5391705231145236
2025-08-04 18:30:00+01:00,2.580645026610597
2025-08-04 19:30:00+01:00,2.4838708188853955
2025-08-04 20:30:00+01:00,2.4470044958930557
2025-08-05 14:30:00+01:00,2.1935484154504095
2025-08-05 15:30:00+01:00,2.1705068537098877
2025-08-05 16:30:00+01:00,2.2370966111601938
2025-08-05 18:30:00+01:00,2.211981576946579
2025-08-05 19:30:00+01:00,2.184331614961706
2025-08-06 14:30:00+01:00,2.099078188106765
2025-08-06 15:30:00+01:00,2.133640530717547
2025-08-06 16:30:00+01:00,2.1428571114656316
2025-08-06 17:30:00+01:00,2.1543778923358925
2025-08-06 18:30:00+01:00,2.2165897574503117
2025-08-06 19:30:00+01:00,2.2209676497861985
2025-08-07 14:30:00+01:00,2.285760368461075
2025-08-07 15:30:00+01:00,2.2488478999389185
2025-08-07 16:30:00+01:00,2.2488478999389185
2025-08-07 18:30:00+01:00,2.2488478999389185
2025-08-07 19:30:00+01:00,2.2211981576946633
2025-08-07 20:30:00+01:00,2.2211981576946633
2025-08-08 14:30:00+01:00,2.1612902729618018
2025-08-08 15:30:00+01:00,2.1820276345801477
2025-08-08 18:30:00+01:00,2.1566818727174506
2025-08-08 19:30:00+01:00,2.1566818727174506
2025-08-08 20:30:00+01:00,2.1751150342136207
2025-08-11 14:30:00+01:00,2.108709639141963
2025-08-11 15:30:00+01:00,2.2254376134411005
2025-08-11 16:30:00+01:00,2.2672810614350887
2025-08-11 17:30:00+01:00,2.394009211526721
2025-08-11 18:30:00+01:00,2.3364055269160353
2025-08-11 19:30:00+01:00,2.304239455746444
2025-08-12 14:30:00+01:00,2.2442394996945674
2025-08-12 15:30:00+01:00,2.2442394996945674
2025-08-12 16:30:00+01:00,2.2602302442197297
2025-08-12 18:30:00+01:00,2.2757601926685807
2025-08-13 14:30:00+01:00,2.262672661190737
2025-08-13 15:30:00+01:00,2.385944511099106
2025-08-13 16:30:00+01:00,2.3963131919082787
2025-08-13 17:30:00+01:00,2.428571334396885
2025-08-13 19:30:00+01:00,2.3917050114045453
2025-08-14 14:30:00+01:00,2.4180182912090644
2025-08-14 15:30:00+01:00,2.4163594692824666
2025-08-14 16:30:00+01:00,2.3556682092458137
2025-08-14 17:30:00+01:00,2.355760280564829
2025-08-14 18:30:00+01:00,2.3364055269160358
2025-08-14 19:30:00+01:00,2.3364055269160358
2025-08-14 20:30:00+01:00,2.3088017104609793
2025-08-15 14:30:00+01:00,2.3525344882900296
2025-08-15 16:30:00+01:00,2.264193486009122
2025-08-15 17:30:00+01:00,2.2580644806870045
2025-08-15 19:30:00+01:00,2.253456080442653
2025-08-18 14:30:00+01:00,2.299538984183078
2025-08-18 15:30:00+01:00,2.2977878711968467
2025-08-18 18:30:00+01:00,2.4100920273708994
2025-08-18 19:30:00+01:00,2.3408754905709377
2025-08-18 20:30:00+01:00,2.373594429135856
2025-08-19 14:30:00+01:00,2.4094009431267414
2025-08-19 15:30:00+01:00,2.3778800304121095
2025-08-19 16:30:00+01:00,2.3042856012762614
2025-08-19 17:30:00+01:00,2.3030414298961586
2025-08-19 18:30:00+01:00,2.2949308036793448
2025-08-19 19:30:00+01:00,2.30414738442743
2025-08-19 20:30:00+01:00,2.30414738442743
2025-08-20 14:30:00+01:00,2.24884789993892
2025-08-20 15:30:00+01:00,2.2718892419388235
2025-08-20 16:30:00+01:00,2.2718892419388235
2025-08-20 19:30:00+01:00,2.28105989689771
2025-08-21 14:30:00+01:00,2.336405526916036
2025-08-21 15:30:00+01:00,2.3164515406014816
2025-08-21 16:30:00+01:00,2.336405526916036
2025-08-21 17:30:00+01:00,2.2719353874686394
2025-08-21 18:30:00+01:00,2.3390320865250733
2025-08-22 14:30:00+01:00,2.3041473844274294
2025-08-22 15:30:00+01:00,2.341013707419769
2025-08-22 16:30:00+01:00,2.3088017104609793
2025-08-22 17:30:00+01:00,2.3271889461679507
2025-08-22 19:30:00+01:00,2.304147384427429
2025-08-25 14:30:00+01:00,2.304147384427429
2025-08-25 16:30:00+01:00,2.313363965175514
2025-08-25 17:30:00+01:00,2.3548386884122054
2025-08-25 18:30:00+01:00,2.3577419014595247
2025-08-26 14:30:00+01:00,2.324147296531182
2025-08-26 15:30:00+01:00,2.3525344882900296
2025-08-26 16:30:00+01:00,2.3963131919082787
2025-08-26 17:30:00+01:00,2.3502764336976703
2025-08-26 18:30:00+01:00,2.4055297726563634
2025-08-26 19:30:00+01:00,2.4308755345190605
2025-08-26 20:30:00+01:00,2.442396315389321
2025-08-27 14:30:00+01:00,2.4239631538931508
2025-08-27 15:30:00+01:00,2.4239631538931508
2025-08-27 19:30:00+01:00,2.3824884306564593
2025-08-27 20:30:00+01:00,2.4009215921526295
2025-08-28 14:30:00+01:00,2.4368201774625295
2025-08-28 15:30:00+01:00,2.419907840784744
2025-08-28 16:30:00+01:00,2.4239631538931503
2025-08-28 17:30:00+01:00,2.4239631538931503
2025-08-28 18:30:00+01:00,2.44239631538932
2025-08-28 19:30:00+01:00,2.433179734641235
2025-08-28 20:30:00+01:00,2.421658953770974
2025-08-29 14:30:00+01:00,2.5299537226258177
2025-08-29 15:30:00+01:00,2.430230376064099
2025-08-29 16:30:00+01:00,2.4677418575113985
2025-08-29 17:30:00+01:00,2.5069123806259146
2025-08-29 18:30:00+01:00,2.6152073692213764
2025-08-29 19:30:00+01:00,2.605622063715995
2025-08-29 20:30:00+01:00,2.5990781881067644
2025-09-02 14:30:00+01:00,2.539170523114521
2025-09-02 15:30:00+01:00,2.585253426854946
2025-09-02 16:30:00+01:00,2.5552994844885153
2025-09-02 17:30:00+01:00,2.585253426854946
2025-09-02 19:30:00+01:00,2.5576036846106907
2025-09-02 20:30:00+01:00,2.672672617242612
2025-09-03 14:30:00+01:00,2.769216536799967
2025-09-03 15:30:00+01:00,2.808755564931161
2025-09-03 16:30:00+01:00,2.8111059105831533
2025-09-03 17:30:00+01:00,2.841013707419768
2025-09-03 18:30:00+01:00,2.838709507297592
2025-09-03 19:30:00+01:00,2.857142668793762
2025-09-03 20:30:00+01:00,2.847926088045677
2025-09-04 14:30:00+01:00,2.5622118651144246
2025-09-04 15:30:00+01:00,2.5806450266105947
2025-09-04 16:30:00+01:00,2.511520561129648
2025-09-04 17:30:00+01:00,2.5806450266105947
2025-09-04 18:30:00+01:00,2.541474503496079
2025-09-04 19:30:00+01:00,2.543133545163295
2025-09-04 20:30:00+01:00,2.47926263838166
2025-09-05 14:30:00+01:00,2.5806450266105947
2025-09-05 15:30:00+01:00,2.5990781881067644
2025-09-05 16:30:00+01:00,2.557603684610691
2025-09-05 17:30:00+01:00,2.695852395831966
2025-09-05 18:30:00+01:00,2.635944511099104
2025-09-05 19:30:00+01:00,2.603686588351116
2025-09-05 20:30:00+01:00,2.6313363305953708
2025-09-08 14:30:00+01:00,2.5888938696762396
2025-09-08 15:30:00+01:00,2.5437787036182544
2025-09-08 16:30:00+01:00,2.5345621228701694
2025-09-08 17:30:00+01:00,2.5207371418777327
2025-09-08 18:30:00+01:00,2.4884792191297445
2025-09-08 19:30:00+01:00,2.516128961373999
2025-09-08 20:30:00+01:00,2.5207371418777327
2025-09-09 14:30:00+01:00,2.4953915997556537
2025-09-09 15:30:00+01:00,2.419354753648798
2025-09-09 16:30:00+01:00,2.405529772656361
2025-09-09 17:30:00+01:00,2.405529772656361
2025-09-09 18:30:00+01:00,2.3732718499083725
2025-09-09 19:30:00+01:00,2.3778800304121055
2025-09-09 20:30:00+01:00,2.3650230068427267
2025-09-10 14:30:00+01:00,2.364055269160287
2025-09-10 15:30:00+01:00,2.4308755345190574
2025-09-10 16:30:00+01:00,2.442396315389318
2025-09-10 17:30:00+01:00,2.463502182024342
2025-09-10 18:30:00+01:00,2.460829476885488
2025-09-10 19:30:00+01:00,2.5299537226258164
2025-09-10 20:30:00+01:00,2.4608294768854884
2025-09-11 14:30:00+01:00,2.543778703618253
2025-09-11 15:30:00+01:00,2.6382487112212787
2025-09-11 16:30:00+01:00,2.764976861312911
2025-09-11 17:30:00+01:00,2.8205529992397027
2025-09-11 18:30:00+01:00,2.7788018423053478
2025-09-11 19:30:00+01:00,2.6103686808091777
2025-09-11 20:30:00+01:00,2.7004607960763165
2025-09-12 14:30:00+01:00,2.705345630018331
2025-09-12 15:30:00+01:00,2.7142855573281346
2025-09-12 16:30:00+01:00,2.7142855573281346
2025-09-12 17:30:00+01:00,2.6774192343357948
2025-09-12 19:30:00+01:00,2.6866358150838794
2025-09-12 20:30:00+01:00,2.714285557328134
2025-09-15 14:30:00+01:00,2.814654282085431
2025-09-15 15:30:00+01:00,2.783410022809081
2025-09-15 16:30:00+01:00,2.7741934420609957
2025-09-15 17:30:00+01:00,2.723502138076219
2025-09-15 18:30:00+01:00,2.794930803679341
2025-09-15 19:30:00+01:00,2.845529816604485
2025-09-15 20:30:00+01:00,2.7258063381983955
2025-09-16 14:30:00+01:00,2.7281105383205713
2025-09-16 15:30:00+01:00,2.7557602805648265
2025-09-16 16:30:00+01:00,2.7811058226869054
2025-09-16 18:30:00+01:00,2.7672810614350873
2025-09-16 19:30:00+01:00,2.7327187188243047
2025-09-16 20:30:00+01:00,2.7379261319937993
2025-09-17 14:30:00+01:00,2.7281105383205713
2025-09-17 16:30:00+01:00,2.7301842305342823
2025-09-17 17:30:00+01:00,2.739631319190832
2025-09-17 18:30:00+01:00,2.7465436998167414
2025-09-17 19:30:00+01:00,2.74193529957239
2025-09-17 20:30:00+01:00,2.7557602805648265
2025-09-18 14:30:00+01:00,2.7580644806870023
2025-09-18 15:30:00+01:00,2.7304147384427475
2025-09-18 16:30:00+01:00,2.7340551812640412
2025-09-18 17:30:00+01:00,2.72350213807622
2025-09-18 18:30:00+01:00,2.7281105383205717
2025-09-18 19:30:00+01:00,2.663594473083977
2025-09-18 20:30:00+01:00,2.6430873996334783
2025-09-19 14:30:00+01:00,2.680092159215268
2025-09-19 15:30:00+01:00,2.6520736922137167
2025-09-19 16:30:00+01:00,2.6711981576946626
2025-09-19 17:30:00+01:00,2.6382487112212796
2025-09-19 18:30:00+01:00,2.6313363305953703
2025-09-19 19:30:00+01:00,2.6912442153282314
2025-09-19 20:30:00+01:00,2.661290272961801
2025-09-22 14:30:00+01:00,2.695852395831965
2025-09-22 15:30:00+01:00,2.7139170523114564
2025-09-22 16:30:00+01:00,2.7419352995723894
2025-09-22 17:30:00+01:00,2.744239499694565
2025-09-22 18:30:00+01:00,2.7557602805648256
2025-09-22 19:30:00+01:00,2.741935299572389
2025-09-22 20:30:00+01:00,2.7465436998167405
2025-09-23 14:30:00+01:00,2.7142855573281337
2025-09-23 15:30:00+01:00,2.662165719584606
2025-09-23 16:30:00+01:00,2.6635944730839753
2025-09-23 17:30:00+01:00,2.668202653587709
2025-09-23 18:30:00+01:00,2.622119749847284
2025-09-23 19:30:00+01:00,2.612903169099199
2025-09-23 20:30:00+01:00,2.622119749847284
2025-09-24 14:30:00+01:00,2.6543778923358903
2025-09-24 15:30:00+01:00,2.736912248781542
2025-09-24 16:30:00+01:00,2.69589854136178
2025-09-24 18:30:00+01:00,2.7603225352793594
2025-09-24 19:30:00+01:00,2.7004607960763147
2025-09-24 20:30:00+01:00,2.695852395831963
2025-09-25 14:30:00+01:00,2.686635815083878
2025-09-25 15:30:00+01:00,2.7419352995723876
2025-09-25 16:30:00+01:00,2.7603684610685577
2025-09-25 17:30:00+01:00,2.749493058393875
2025-09-25 18:30:00+01:00,2.744193354164747
2025-09-25 19:30:00+01:00,2.732718718824303
2025-09-25 20:30:00+01:00,2.732718718824303
2025-09-26 14:30:00+01:00,2.880184230534281
2025-09-26 15:30:00+01:00,2.827880030412105
2025-09-26 16:30:00+01:00,2.81336396517551
2025-09-26 17:30:00+01:00,2.7949308036793403
2025-09-26 19:30:00+01:00,2.829492926549505
2025-09-26 20:30:00+01:00,2.7788018423053464
2025-09-29 14:30:00+01:00,2.6836405307175446
2025-09-29 15:30:00+01:00,2.717004407996804
2025-09-29 16:30:00+01:00,2.6405529113434536
2025-09-29 17:30:00+01:00,2.6405529113434536
2025-09-29 18:30:00+01:00,2.65437789233589
2025-09-29 19:30:00+01:00,2.6658984534655326
2025-09-30 14:30:00+01:00,2.6589860728396233
2025-09-30 15:30:00+01:00,2.7004607960763147
2025-09-30 16:30:00+01:00,2.6682026535877084
2025-09-30 17:30:00+01:00,2.705068976580048
2025-09-30 18:30:00+01:00,2.67281105383206
2025-09-30 19:30:00+01:00,2.6658525276763343
2025-09-30 20:30:00+01:00,2.6574193222320406
2025-10-01 14:30:00+01:00,2.732718718824303
2025-10-01 15:30:00+01:00,2.7649768613129098
2025-10-01 16:30:00+01:00,2.682027634580145
2025-10-01 18:30:00+01:00,2.67281105383206
2025-10-01 19:30:00+01:00,2.7096773768244
2025-10-01 20:30:00+01:00,2.7004607960763147
2025-10-02 14:30:00+01:00,2.695852395831963
2025-10-02 15:30:00+01:00,2.7050689765800477
2025-10-02 16:30:00+01:00,2.718893957572484
2025-10-02 18:30:00+01:00,2.718893957572484
2025-10-02 19:30:00+01:00,2.760368461068557
2025-10-02 20:30:00+01:00,2.760368461068557
2025-10-03 14:30:00+01:00,2.797235003801515
2025-10-03 15:30:00+01:00,2.801843184305248
2025-10-03 16:30:00+01:00,2.8332256604304296
2025-10-03 17:30:00+01:00,2.8433179075419392
2025-10-03 18:30:00+01:00,2.8202763458014175
2025-10-03 19:30:00+01:00,2.821474591392322
2025-10-03 20:30:00+01:00,2.83640552691603
2025-10-06 14:30:00+01:00,3.1060367142624865
2025-10-06 15:30:00+01:00,3.124423949969458
2025-10-06 16:30:00+01:00,3.1198155497251063
2025-10-06 17:30:00+01:00,3.0921658074808516
2025-10-06 18:30:00+01:00,3.124101370741978
2025-10-06 19:30:00+01:00,3.1243778044396415
2025-10-06 20:30:00+01:00,3.0691242457403303
2025-10-07 14:30:00+01:00,3.179723434457968
2025-10-07 15:30:00+01:00,3.1105989689770213
2025-10-07 16:30:00+01:00,3.041474503496075
2025-10-07 17:30:00+01:00,3.0817509811418624
2025-10-07 18:30:00+01:00,3.096174975059442
2025-10-07 19:30:00+01:00,3.036866322992342
2025-10-07 20:30:00+01:00,3.059907664992245
2025-10-08 14:30:00+01:00,3.1658984534655312
2025-10-08 15:30:00+01:00,3.1797234344579675
2025-10-08 16:30:00+01:00,3.173179558848737
2025-10-08 17:30:00+01:00,3.1658984534655312
2025-10-08 18:30:00+01:00,3.156681872717446
2025-10-08 19:30:00+01:00,3.1290321304731914
2025-10-08 20:30:00+01:00,3.1612902729617978
2025-10-09 15:30:00+01:00,3.2119813572059557
2025-10-09 19:30:00+01:00,3.2488478999389137
2025-10-09 20:30:00+01:00,3.2488478999389137
2025-10-10 14:30:00+01:00,3.3018431843052474
2025-10-10 15:30:00+01:00,3.3686634496640178
2025-10-10 16:30:00+01:00,3.345622107664114
2025-10-10 17:30:00+01:00,3.3179721456792413
2025-10-10 18:30:00+01:00,3.3485712465006316
2025-10-10 19:30:00+01:00,3.2949308036793377
2025-10-10 20:30:00+01:00,3.2488478999389128
2025-10-13 14:30:00+01:00,3.2811058226869005
2025-10-13 15:30:00+01:00,3.225806338198391
2025-10-13 16:30:00+01:00,3.2304147384427426
2025-10-13 17:30:00+01:00,3.2104607521281885
2025-10-13 18:30:00+01:00,3.214377848387764
2025-10-13 19:30:00+01:00,3.2672810614350833
2025-10-13 20:30:00+01:00,3.338709507297587
2025-10-14 14:30:00+01:00,3.493087399633474
2025-10-14 15:30:00+01:00,3.4884792191297405
2025-10-14 16:30:00+01:00,3.4608294768854857
2025-10-14 17:30:00+01:00,3.504654326033551
2025-10-14 18:30:00+01:00,3.502303980381559
2025-10-14 19:30:00+01:00,3.5944700076030274
2025-10-14 20:30:00+01:00,3.562211865114421
2025-10-15 14:30:00+01:00,3.552995284366336
2025-10-15 15:30:00+01:00,3.5760368461068572
2025-10-15 16:30:00+01:00,3.557603464870069
2025-10-15 17:30:00+01:00,3.5023039803815594
2025-10-15 18:30:00+01:00,3.594470007603028
2025-10-15 19:30:00+01:00,3.6405529113434527
2025-10-15 20:30:00+01:00,3.672810834091441
2025-10-16 14:30:00+01:00,3.7558062063540225
2025-10-16 15:30:00+01:00,3.7050689765800477
2025-10-16 16:30:00+01:00,3.691244215328229
2025-10-16 17:30:00+01:00,3.5642394117983156
2025-10-16 18:30:00+01:00,3.5276497422442574
2025-10-16 19:30:00+01:00,3.658986072839623
2025-10-16 20:30:00+01:00,3.5921658074808525
2025-10-17 14:30:00+01:00,3.550644938714344
2025-10-17 15:30:00+01:00,3.506912380625912
2025-10-17 16:30:00+01:00,3.5023039803815603
2025-10-17 17:30:00+01:00,3.506912380625912
2025-10-17 19:30:00+01:00,3.552995284366337
2025-10-17 20:30:00+01:00,3.516128961373997
2025-10-20 14:30:00+01:00,3.5023039803815608
2025-10-20 15:30:00+01:00,3.5576034648700707
2025-10-20 16:30:00+01:00,3.543778703618252
2025-10-20 17:30:00+01:00,3.5414745034960764
2025-10-20 18:30:00+01:00,3.595069020528172
2025-10-20 19:30:00+01:00,3.5253455421220825
2025-10-20 20:30:00+01:00,3.5479260880456738
2025-10-21 14:30:00+01:00,3.5092163610074696
2025-10-21 15:30:00+01:00,3.414746353404444
2025-10-21 16:30:00+01:00,3.4101381729007105
2025-10-21 17:30:00+01:00,3.322580545923594
2025-10-21 18:30:00+01:00,3.345622107664116
2025-10-21 19:30:00+01:00,3.3663592495418433
2025-10-21 20:30:00+01:00,3.4523962714411938
2025-10-22 14:30:00+01:00,3.4124423730228868
2025-10-22 16:30:00+01:00,3.35023028816785
2025-10-22 17:30:00+01:00,3.3410137074197648
2025-10-22 18:30:00+01:00,3.347926088045674
2025-10-22 19:30:00+01:00,3.369999912103756
2025-10-22 20:30:00+01:00,3.35023028816785
2025-10-23 14:30:00+01:00,3.409493014445751
2025-10-23 15:30:00+01:00,3.364055269160286
2025-10-23 16:30:00+01:00,3.3594468689159345
2025-10-23 17:30:00+01:00,3.377880030412104
2025-10-23 18:30:00+01:00,3.3870966111601892
2025-10-23 19:30:00+01:00,3.364055269160286
2025-10-23 20:30:00+01:00,3.364055269160286
2025-10-24 14:30:00+01:00,3.3963131919082747
2025-10-24 15:30:00+01:00,3.4054377013373447
2025-10-24 17:30:00+01:00,3.35023028816785
2025-10-24 18:30:00+01:00,3.2626726611907335
2025-10-24 19:30:00+01:00,3.3087555649311584
2025-10-24 20:30:00+01:00,3.29493080367934
2025-10-27 13:30:00+00:00,3.3709676497861953
2025-10-27 14:30:00+00:00,3.29493080367934
2025-10-27 15:30:00+00:00,3.3232718499083713
2025-10-27 16:30:00+00:00,3.345622107664117
2025-10-27 17:30:00+00:00,3.29958512971289
2025-10-27 18:30:00+00:00,3.2811058226869037
2025-10-27 19:30:00+00:00,3.27649764218317
2025-10-28 13:30:00+00:00,3.34156679455571
2025-10-28 14:30:00+00:00,3.2811058226869037
2025-10-28 15:30:00+00:00,3.271889241938819
2025-10-28 16:30:00+00:00,3.248847899938916
2025-10-28 17:30:00+00:00,3.294930803679341
2025-10-28 18:30:00+00:00,3.3271887264273294
2025-10-28 19:30:00+00:00,3.2534560804426493
2025-10-29 13:30:00+00:00,3.3179721456792444
2025-10-29 14:30:00+00:00,3.2626726611907344
2025-10-29 15:30:00+00:00,3.285806294250271
2025-10-29 16:30:00+00:00,3.267281061435086
2025-10-29 18:30:00+00:00,3.313363965175511
2025-10-29 19:30:00+00:00,3.304147384427426
2025-10-30 13:30:00+00:00,3.2615205611296467
2025-10-30 14:30:00+00:00,3.221197937954043
2025-10-30 15:30:00+00:00,3.125345542122083
2025-10-30 16:30:00+00:00,3.1520736922137154
2025-10-30 17:30:00+00:00,3.1843316149617036
2025-10-30 18:30:00+00:00,3.1497694920915396
2025-10-30 19:30:00+00:00,3.1244239499694606
2025-10-31 13:30:00+00:00,3.1336405307175452
2025-10-31 14:30:00+00:00,3.1612902729618
2025-10-31 15:30:00+00:00,3.2350229189464796
2025-10-31 16:30:00+00:00,3.3456221076641173
2025-10-31 17:30:00+00:00,3.3824884306564567
2025-10-31 18:30:00+00:00,3.4285713343968816
2025-10-31 19:30:00+00:00,3.4792626383816576
2025-11-03 14:30:00+00:00,3.31336396517551
2025-11-03 15:30:00+00:00,3.3179721456792435
2025-11-03 16:30:00+00:00,3.3640552691602865
2025-11-03 17:30:00+00:00,3.3640552691602865
2025-11-03 18:30:00+00:00,3.3640552691602865
2025-11-03 19:30:00+00:00,3.382488430656456
2025-11-03 20:30:00+00:00,3.327188726427328
2025-11-04 14:30:00+00:00,3.2775574511846246
2025-11-04 15:30:00+00:00,3.1977417256670257
2025-11-04 16:30:00+00:00,3.1751150342136176
2025-11-04 17:30:00+00:00,3.225806338198394
2025-11-04 18:30:00+00:00,3.170506853709884
2025-11-04 19:30:00+00:00,3.1756219758197455
2025-11-04 20:30:00+00:00,3.161290272961799
2025-11-05 14:30:00+00:00,3.221197937954042
2025-11-05 16:30:00+00:00,3.202764776457872
2025-11-05 17:30:00+00:00,3.284239543642687
2025-11-05 18:30:00+00:00,3.2903224034349887
2025-11-05 20:30:00+00:00,3.225806338198394
2025-11-06 14:30:00+00:00,3.1635942533433568
2025-11-06 15:30:00+00:00,3.0967739879845864
2025-11-06 16:30:00+00:00,3.0691242457403316
2025-11-06 17:30:00+00:00,3.055299484488513
2025-11-06 18:30:00+00:00,3.1290321304731927
2025-11-06 20:30:00+00:00,3.1013823882289375
2025-11-07 14:30:00+00:00,3.1547925428823844
2025-11-07 15:30:00+00:00,3.085253426854943
2025-11-07 16:30:00+00:00,3.1382487112212774
2025-11-07 19:30:00+00:00,3.1889400152060534
2025-11-07 20:30:00+00:00,3.1751150342136167
2025-11-10 14:30:00+00:00,3.3087555649311575
2025-11-10 16:30:00+00:00,3.2442394996945625
2025-11-10 18:30:00+00:00,3.2580644806869987
2025-11-10 19:30:00+00:00,3.308755564931157
2025-11-10 20:30:00+00:00,3.2949308036793385
2025-11-11 14:30:00+00:00,3.322856979621257
2025-11-11 17:30:00+00:00,3.299538984183072
2025-11-11 18:30:00+00:00,3.2788016225647265
2025-11-11 19:30:00+00:00,3.2718892419388172
2025-11-11 20:30:00+00:00,3.248847899938914
2025-11-12 14:30:00+00:00,3.248847899938914
2025-11-12 15:30:00+00:00,3.2576496103998855
2025-11-12 16:30:00+00:00,3.301843184305248
2025-11-12 19:30:00+00:00,3.1797234344579675
2025-11-12 20:30:00+00:00,3.2327187188243016
2025-11-13 14:30:00+00:00,3.3248847460457696
2025-11-13 15:30:00+00:00,3.1128570235693807
2025-11-13 16:30:00+00:00,3.179723434457968
2025-11-13 17:30:00+00:00,3.2073731767022227
2025-11-13 18:30:00+00:00,3.2119813572059557
2025-11-13 19:30:00+00:00,3.2188939575724826
2025-11-13 20:30:00+00:00,3.2672810614350833
2025-11-14 14:30:00+00:00,3.225806338198392
2025-11-14 15:30:00+00:00,3.2543776725952696
2025-11-14 17:30:00+00:00,3.2626726611907317
2025-11-14 18:30:00+00:00,3.225299396592264
2025-11-14 20:30:00+00:00,3.235022918946477
2025-11-17 14:30:00+00:00,3.175115034213616
2025-11-17 16:30:00+00:00,3.188940015206052
2025-11-17 17:30:00+00:00,3.2027647764578706
2025-11-17 18:30:00+00:00,3.1336864565067413
2025-11-17 19:30:00+00:00,3.175115034213616
2025-11-17 20:30:00+00:00,3.0691242457403294
2025-11-18 14:30:00+00:00,3.046082903740426
2025-11-18 15:30:00+00:00,3.0496312752427044
2025-11-18 17:30:00+00:00,3.0552994844885104
2025-11-18 18:30:00+00:00,3.0276497422442556
2025-11-18 20:30:00+00:00,3.0092165807480855
2025-11-19 14:30:00+00:00,3.11059896897702
2025-11-19 15:30:00+00:00,2.995391599755649
2025-11-19 16:30:00+00:00,2.938248711221275
2025-11-19 17:30:00+00:00,2.995391599755649
2025-11-19 18:30:00+00:00,2.995391599755649
2025-11-19 19:30:00+00:00,3.0322579227479887
2025-11-19 20:30:00+00:00,3.0069123806259097
2025-11-20 14:30:00+00:00,3.108294768854844
2025-11-20 15:30:00+00:00,3.0875574072364986
2025-11-20 16:30:00+00:00,3.0092165807480855
2025-11-20 17:30:00+00:00,2.9432256164823047
2025-11-20 19:30:00+00:00,2.9447002957708723
2025-11-20 20:30:00+00:00,2.9516128961373997
2025-11-21 14:30:00+00:00,2.995391599755649
2025-11-21 15:30:00+00:00,2.7696311873464565
2025-11-21 16:30:00+00:00,2.9101381729007083
2025-11-21 17:30:00+00:00,2.9861750190075638
2025-11-21 20:30:00+00:00,2.8986173920304474
2025-11-24 14:30:00+00:00,3.05529948448851
2025-11-24 15:30:00+00:00,2.9516128961373997
2025-11-24 16:30:00+00:00,2.939262594433531
2025-11-24 17:30:00+00:00,2.9493086960152244
2025-11-24 18:30:00+00:00,2.884838556567828
2025-11-24 19:30:00+00:00,2.926267134274703
2025-11-24 20:30:00+00:00,2.986175019007564
2025-11-25 14:30:00+00:00,2.9700460576335703
2025-11-25 16:30:00+00:00,2.9861750190075647
2025-11-25 18:30:00+00:00,2.949308696015225
2025-11-25 19:30:00+00:00,2.944700295770873
2025-11-25 20:30:00+00:00,2.9677418575113945
2025-11-26 15:30:00+00:00,2.9608294768854853
2025-11-26 16:30:00+00:00,2.9631334572670425
2025-11-26 18:30:00+00:00,2.9032257922747995
2025-11-26 19:30:00+00:00,2.912442373022884
2025-11-26 20:30:00+00:00,2.889400811282363
2025-11-28 14:30:00+00:00,2.9400921152671393
2025-11-28 15:30:00+00:00,2.861751069038108
2025-11-28 16:30:00+00:00,2.894009211526715
2025-12-01 14:30:00+00:00,2.7884792191297403
2025-12-01 15:30:00+00:00,2.7815206929740146
2025-12-01 16:30:00+00:00,2.811612852189277
2025-12-01 17:30:00+00:00,2.8087555649311566
2025-12-01 18:30:00+00:00,2.811059765053333
2025-12-01 19:30:00+00:00,2.944700295770874
2025-12-01 20:30:00+00:00,2.935483715022789
2025-12-02 14:30:00+00:00,2.866359249541843
2025-12-02 16:30:00+00:00,2.8801842305342795
2025-12-02 17:30:00+00:00,2.903225792274801
2025-12-02 18:30:00+00:00,2.880184230534279
2025-12-02 19:30:00+00:00,2.880230376064096
2025-12-02 20:30:00+00:00,2.9331795149006137
2025-12-03 14:30:00+00:00,2.8894008112823646
2025-12-03 15:30:00+00:00,2.827188946167946
2025-12-03 16:30:00+00:00,2.9216589537709714
2025-12-03 17:30:00+00:00,2.926267134274705
2025-12-03 19:30:00+00:00,2.9447002957708746
2025-12-03 20:30:00+00:00,2.946221120589259
2025-12-04 14:30:00+00:00,2.914746353404444
2025-12-04 15:30:00+00:00,3.0230413419999063
2025-12-04 16:30:00+00:00,3.013824761251821
2025-12-04 17:30:00+00:00,2.9677418575113963
2025-12-04 18:30:00+00:00,2.968525232815188
2025-12-04 19:30:00+00:00,3.082949226732768
2025-12-04 20:30:00+00:00,3.124423949969459
2025-12-05 14:30:00+00:00,3.2534560804426484
2025-12-05 15:30:00+00:00,3.221197937954042
2025-12-05 16:30:00+00:00,3.1688939575724846
2025-12-05 17:30:00+00:00,3.096773987984586
2025-12-05 18:30:00+00:00,3.1520736922137136
2025-12-05 19:30:00+00:00,3.138248711221277
2025-12-05 20:30:00+00:00,3.1244239499694584
2025-12-08 14:30:00+00:00,3.1774192343357925
2025-12-08 15:30:00+00:00,3.058847855990791
2025-12-08 17:30:00+00:00,3.179723434457968
2025-12-08 18:30:00+00:00,3.096773987984585
2025-12-08 19:30:00+00:00,3.115207369221373
2025-12-08 20:30:00+00:00,3.0230413419999054
2025-12-09 14:30:00+00:00,3.0599076649922448
2025-12-09 15:30:00+00:00,3.1543776725952704
2025-12-09 16:30:00+00:00,3.1543776725952704
2025-12-09 17:30:00+00:00,3.078340826488415
2025-12-09 18:30:00+00:00,3.078340826488415
2025-12-09 19:30:00+00:00,3.0046081805037352
2025-12-09 20:30:00+00:00,3.1105989689770213
2025-12-10 14:30:00+00:00,3.030921460308254
2025-12-10 16:30:00+00:00,2.9677418575113954
2025-12-10 17:30:00+00:00,2.9539168765189587
2025-12-10 18:30:00+00:00,2.950599012925145
2025-12-10 19:30:00+00:00,2.9355298605526055
2025-12-10 20:30:00+00:00,2.9820276345801435
2025-12-11 14:30:00+00:00,2.9953915997556506
2025-12-11 16:30:00+00:00,2.9493086960152257
2025-12-11 17:30:00+00:00,2.972350038015129
2025-12-11 19:30:00+00:00,2.9735021380762165
2025-12-11 20:30:00+00:00,2.949354841545042
2025-12-12 15:30:00+00:00,2.975806338198393
2025-12-12 16:30:00+00:00,2.903225792274801
2025-12-12 17:30:00+00:00,2.9308755345190556
2025-12-12 20:30:00+00:00,2.935483715022789
2025-12-15 14:30:00+00:00,2.97695843825948
2025-12-15 15:30:00+00:00,2.961751069038109
2025-12-15 16:30:00+00:00,2.8154376573892193
2025-12-15 17:30:00+00:00,2.8202763458014175
2025-12-15 18:30:00+00:00,2.8110597650533324
2025-12-15 19:30:00+00:00,2.7741934420609926
2025-12-15 20:30:00+00:00,2.8018431843052474
2025-12-16 14:30:00+00:00,2.788018423053429
2025-12-16 15:30:00+00:00,2.785714222931253
2025-12-16 16:30:00+00:00,2.8341013267938533
2025-12-16 17:30:00+00:00,2.764976861312907
2025-12-16 18:30:00+00:00,2.8341013267938537
2025-12-16 19:30:00+00:00,2.8341013267938537
2025-12-16 20:30:00+00:00,2.806451584549599
2025-12-17 14:30:00+00:00,2.7745160212884725
2025-12-17 15:30:00+00:00,2.788018423053429
2025-12-17 16:30:00+00:00,2.8156681652976836
2025-12-17 17:30:00+00:00,2.8099076649922443
2025-12-17 18:30:00+00:00,2.8110597650533324
2025-12-17 19:30:00+00:00,2.815668165297684
2025-12-17 20:30:00+00:00,2.8133639651755082
2025-12-18 14:30:00+00:00,2.845622107664115
2025-12-18 15:30:00+00:00,2.8940092115267158
2025-12-18 16:30:00+00:00,2.930875534519056
2025-12-18 17:30:00+00:00,2.9078339727785347
2025-12-18 19:30:00+00:00,2.8986173920304497
2025-12-18 20:30:00+00:00,2.9124423730228863
2025-12-19 14:30:00+00:00,2.88018423053428
2025-12-19 15:30:00+00:00,2.8663592495418437
2025-12-19 16:30:00+00:00,2.8663592495418437
2025-12-19 18:30:00+00:00,2.9035942972914803
2025-12-19 19:30:00+00:00,2.9032257922748017
2025-12-19 20:30:00+00:00,2.88018423053428
2025-12-22 14:30:00+00:00,2.86175106903811
2025-12-22 16:30:00+00:00,2.86175106903811
2025-12-22 18:30:00+00:00,2.884377760491518
2025-12-22 19:30:00+00:00,2.8801842305342795
2025-12-22 20:30:00+00:00,2.857142668793758
2025-12-23 14:30:00+00:00,2.9792626383816563
2025-12-23 15:30:00+00:00,2.914746353404443
2025-12-23 16:30:00+00:00,2.9493086960152257
2025-12-23 17:30:00+00:00,2.953916876518959
2025-12-23 18:30:00+00:00,2.958525276763311
2025-12-23 19:30:00+00:00,2.972350038015129
2025-12-23 20:30:00+00:00,2.9447002957708737
2025-12-24 14:30:00+00:00,2.7926266035571627
2025-12-24 15:30:00+00:00,2.7972350038015144
2025-12-24 16:30:00+00:00,2.815668165297684
2025-12-26 14:30:00+00:00,2.8110597650533324
2025-12-26 15:30:00+00:00,2.8202763458014175
2025-12-26 16:30:00+00:00,2.815668165297684
2025-12-26 18:30:00+00:00,2.843317907541939
2025-12-26 19:30:00+00:00,2.8248847460457687
2025-12-29 14:30:00+00:00,2.8248847460457687
2025-12-29 15:30:00+00:00,2.820276345801417
2025-12-29 16:30:00+00:00,2.8156681652976836
2025-12-29 17:30:00+00:00,2.811059765053332
2025-12-29 18:30:00+00:00,2.7880184230534284
2025-12-29 19:30:00+00:00,2.811059765053332
2025-12-29 20:30:00+00:00,2.811059765053332
2025-12-30 14:30:00+00:00,2.792626603557162
2025-12-30 16:30:00+00:00,2.8369122487815392
2025-12-30 17:30:00+00:00,2.7975575830289934
2025-12-31 14:30:00+00:00,2.8130875314778443
2025-12-31 15:30:00+00:00,2.7834561683388936
2025-12-31 16:30:00+00:00,2.751151880320471
2025-12-31 17:30:00+00:00,2.6728110538320577
2025-12-31 18:30:00+00:00,2.769585261557259
2025-12-31 19:30:00+00:00,2.723502138076216
2026-01-02 14:30:00+00:00,2.7304147384427435
2026-01-02 15:30:00+00:00,2.7511518803204713
2026-01-02 17:30:00+00:00,2.7419352995723862
2026-01-02 18:30:00+00:00,2.746543699816738
2026-01-02 19:30:00+00:00,2.8225805459235938
2026-01-02 20:30:00+00:00,2.794930803679339
2026-01-05 14:30:00+00:00,2.758801710460974
2026-01-05 15:30:00+00:00,2.7188939575724835
2026-01-05 17:30:00+00:00,2.7188939575724835
2026-01-05 19:30:00+00:00,2.6912442153282288
2026-01-05 20:30:00+00:00,2.686635815083877
2026-01-06 14:30:00+00:00,2.6682026535877075
2026-01-06 15:30:00+00:00,2.6774192343357925
2026-01-06 16:30:00+00:00,2.718893957572484
2026-01-06 17:30:00+00:00,2.6958523958319622
2026-01-06 18:30:00+00:00,2.718893957572484
2026-01-07 14:30:00+00:00,2.6705068537098833
2026-01-07 15:30:00+00:00,2.6751150342136163
2026-01-07 16:30:00+00:00,2.686635815083877
2026-01-07 17:30:00+00:00,2.7281105383205686
2026-01-07 19:30:00+00:00,2.714285557328132
2026-01-07 20:30:00+00:00,2.7096773768243985
2026-01-08 14:30:00+00:00,2.7211981576946593
2026-01-08 19:30:00+00:00,2.718847812042667
2026-01-08 20:30:00+00:00,2.6958523958319622
2026-01-09 14:30:00+00:00,2.6958523958319622
2026-01-09 15:30:00+00:00,2.7649768613129084
2026-01-09 16:30:00+00:00,2.732718718824302
2026-01-09 20:30:00+00:00,2.764976861312909
2026-01-12 14:30:00+00:00,2.8341013267938555
2026-01-12 15:30:00+00:00,2.820276345801419
2026-01-12 16:30:00+00:00,2.8433179075419406
2026-01-12 18:30:00+00:00,2.81336396517551
2026-01-12 19:30:00+00:00,2.8387095072975894
2026-01-12 20:30:00+00:00,2.834101326793856
2026-01-13 14:30:00+00:00,2.834101326793856
2026-01-13 15:30:00+00:00,2.7956221076641166
2026-01-13 17:30:00+00:00,2.811059765053334
2026-01-13 18:30:00+00:00,2.837649698296134
2026-01-13 19:30:00+00:00,2.8801842305342804
2026-01-13 20:30:00+00:00,2.8525344882900256
2026-01-14 14:30:00+00:00,2.801843184305249
2026-01-14 15:30:00+00:00,2.8248847460457704
2026-01-14 17:30:00+00:00,2.878018247260936
2026-01-14 18:30:00+00:00,2.803778659670128
2026-01-14 20:30:00+00:00,2.868663449664019
2026-01-15 14:30:00+00:00,2.834101326793855
2026-01-15 15:30:00+00:00,2.8755758302899284
2026-01-15 16:30:00+00:00,2.860598968977022
2026-01-15 17:30:00+00:00,2.864884789993894
2026-01-15 18:30:00+00:00,2.84331790754194
2026-01-15 19:30:00+00:00,2.8479260880456736
2026-01-15 20:30:00+00:00,2.84331790754194
2026-01-16 14:30:00+00:00,2.9147463534044444
2026-01-16 15:30:00+00:00,2.8894008112823655
2026-01-16 16:30:00+00:00,2.907833972778535
2026-01-16 17:30:00+00:00,2.880645026610592
2026-01-16 18:30:00+00:00,2.907833972778535
2026-01-16 19:30:00+00:00,2.9262671342747053
2026-01-16 20:30:00+00:00,2.907833972778535
2026-01-20 14:30:00+00:00,3.0046081805037366
2026-01-20 15:30:00+00:00,3.133640530717545
2026-01-20 16:30:00+00:00,3.067281061435086
2026-01-20 17:30:00+00:00,3.1382487112212782
2026-01-20 18:30:00+00:00,3.133640530717545
2026-01-20 19:30:00+00:00,3.133640530717545
2026-01-20 20:30:00+00:00,3.129032130473193
2026-01-21 14:30:00+00:00,3.271889241938819
2026-01-21 15:30:00+00:00,3.225806338198394
2026-01-21 16:30:00+00:00,3.0967739879845864
2026-01-21 17:30:00+00:00,3.2211979379540425
2026-01-21 18:30:00+00:00,3.2258063381983937
2026-01-21 19:30:00+00:00,3.281105822686903
2026-01-21 20:30:00+00:00,3.29493080367934
2026-01-22 14:30:00+00:00,3.252995284366337
2026-01-22 15:30:00+00:00,3.27649764218317
2026-01-22 16:30:00+00:00,3.299538984183074
2026-01-22 17:30:00+00:00,3.327188726427329
2026-01-22 18:30:00+00:00,3.327188726427329
2026-01-22 19:30:00+00:00,3.299538984183074
2026-01-22 20:30:00+00:00,3.31336396517551
2026-01-23 14:30:00+00:00,3.2949308036793403
2026-01-23 15:30:00+00:00,3.2834100228090795
2026-01-23 16:30:00+00:00,3.2627188067205504
2026-01-23 17:30:00+00:00,3.2580644806870005
2026-01-23 18:30:00+00:00,3.262580589871719
2026-01-23 19:30:00+00:00,3.2903224034349887
2026-01-23 20:30:00+00:00,3.2857142229312553
